purchase_id,ingredient_id,branch_id,quantity,unit_cost_real,supplier_name,purchased_at
1,1,1,24.71,215.05,Café Origen SA,2024-09-02 08:00:00
2,2,1,267.21,23.51,Lácteos del Valle,2024-09-02 08:00:00
3,3,1,36.49,44.0,Lácteos del Valle,2024-09-02 08:00:00
4,4,1,4849.98,0.35,Distribuidora Sabores MX,2024-09-02 08:00:00
5,5,1,3519.15,0.38,Distribuidora Sabores MX,2024-09-02 08:00:00
6,6,1,11.5,171.77,Distribuidora Sabores MX,2024-09-02 08:00:00
7,7,1,147.99,6.04,Insumos Generales Toluca,2024-09-02 08:00:00
8,8,1,340.94,4.43,Panificadora San José,2024-09-02 08:00:00
9,9,1,28.17,129.99,Carnes Selectas,2024-09-02 08:00:00
10,10,1,24.99,164.59,Lácteos del Valle,2024-09-02 08:00:00
11,11,1,341.02,11.3,Panificadora San José,2024-09-02 08:00:00
12,12,1,15.52,128.97,Lácteos del Valle,2024-09-02 08:00:00
13,13,1,681.96,1.87,Insumos Generales Toluca,2024-09-02 08:00:00
14,14,1,36.46,54.62,Insumos Generales Toluca,2024-09-02 08:00:00
15,15,1,2513.95,1.21,Empaques y Desechables MX,2024-09-02 08:00:00
16,16,1,2036.15,1.47,Empaques y Desechables MX,2024-09-02 08:00:00
17,17,1,3191.27,0.81,Empaques y Desechables MX,2024-09-02 08:00:00
18,18,1,27.99,20.31,Insumos Generales Toluca,2024-09-02 08:00:00
19,1,2,31.11,222.23,Café Origen SA,2024-09-02 08:00:00
20,2,2,338.53,22.89,Lácteos del Valle,2024-09-02 08:00:00
21,3,2,62.81,44.9,Lácteos del Valle,2024-09-02 08:00:00
22,4,2,2562.45,0.34,Distribuidora Sabores MX,2024-09-02 08:00:00
23,5,2,3296.03,0.35,Distribuidora Sabores MX,2024-09-02 08:00:00
24,6,2,18.1,185.36,Distribuidora Sabores MX,2024-09-02 08:00:00
25,7,2,214.43,6.1,Insumos Generales Toluca,2024-09-02 08:00:00
26,8,2,250.31,4.87,Panificadora San José,2024-09-02 08:00:00
27,9,2,24.59,141.81,Carnes Selectas,2024-09-02 08:00:00
28,10,2,18.16,153.29,Lácteos del Valle,2024-09-02 08:00:00
29,11,2,356.3,11.43,Panificadora San José,2024-09-02 08:00:00
30,12,2,12.37,127.58,Lácteos del Valle,2024-09-02 08:00:00
31,13,2,582.36,1.8,Insumos Generales Toluca,2024-09-02 08:00:00
32,14,2,31.34,54.79,Insumos Generales Toluca,2024-09-02 08:00:00
33,15,2,2334.93,1.2,Empaques y Desechables MX,2024-09-02 08:00:00
34,16,2,2369.32,1.54,Empaques y Desechables MX,2024-09-02 08:00:00
35,17,2,3741.16,0.75,Empaques y Desechables MX,2024-09-02 08:00:00
36,18,2,42.73,22.84,Insumos Generales Toluca,2024-09-02 08:00:00
37,1,1,19.73,216.34,Café Origen SA,2024-09-09 08:00:00
38,2,1,281.73,23.64,Lácteos del Valle,2024-09-09 08:00:00
39,3,1,63.02,46.54,Lácteos del Valle,2024-09-09 08:00:00
40,4,1,4074.21,0.33,Distribuidora Sabores MX,2024-09-09 08:00:00
41,5,1,3143.09,0.36,Distribuidora Sabores MX,2024-09-09 08:00:00
42,6,1,14.5,170.54,Distribuidora Sabores MX,2024-09-09 08:00:00
43,7,1,184.31,5.9,Insumos Generales Toluca,2024-09-09 08:00:00
44,8,1,439.11,4.3,Panificadora San José,2024-09-09 08:00:00
45,9,1,25.78,144.63,Carnes Selectas,2024-09-09 08:00:00
46,10,1,20.1,153.5,Lácteos del Valle,2024-09-09 08:00:00
47,11,1,320.49,12.25,Panificadora San José,2024-09-09 08:00:00
48,12,1,13.56,134.87,Lácteos del Valle,2024-09-09 08:00:00
49,13,1,430.73,1.83,Insumos Generales Toluca,2024-09-09 08:00:00
50,14,1,43.18,56.72,Insumos Generales Toluca,2024-09-09 08:00:00
51,15,1,3222.65,1.16,Empaques y Desechables MX,2024-09-09 08:00:00
52,16,1,2106.3,1.43,Empaques y Desechables MX,2024-09-09 08:00:00
53,17,1,3447.79,0.81,Empaques y Desechables MX,2024-09-09 08:00:00
54,18,1,40.95,24.37,Insumos Generales Toluca,2024-09-09 08:00:00
55,1,2,20.83,227.2,Café Origen SA,2024-09-09 08:00:00
56,2,2,195.72,24.4,Lácteos del Valle,2024-09-09 08:00:00
57,3,2,59.93,43.2,Lácteos del Valle,2024-09-09 08:00:00
58,4,2,4669.76,0.35,Distribuidora Sabores MX,2024-09-09 08:00:00
59,5,2,4463.01,0.36,Distribuidora Sabores MX,2024-09-09 08:00:00
60,6,2,14.96,180.68,Distribuidora Sabores MX,2024-09-09 08:00:00
61,7,2,228.29,6.44,Insumos Generales Toluca,2024-09-09 08:00:00
62,8,2,341.52,4.48,Panificadora San José,2024-09-09 08:00:00
63,9,2,23.72,133.96,Carnes Selectas,2024-09-09 08:00:00
64,10,2,16.44,160.53,Lácteos del Valle,2024-09-09 08:00:00
65,11,2,382.9,11.97,Panificadora San José,2024-09-09 08:00:00
66,12,2,11.97,128.68,Lácteos del Valle,2024-09-09 08:00:00
67,13,2,439.79,1.65,Insumos Generales Toluca,2024-09-09 08:00:00
68,14,2,30.34,52.64,Insumos Generales Toluca,2024-09-09 08:00:00
69,15,2,2512.84,1.16,Empaques y Desechables MX,2024-09-09 08:00:00
70,16,2,1962.43,1.51,Empaques y Desechables MX,2024-09-09 08:00:00
71,17,2,2500.42,0.78,Empaques y Desechables MX,2024-09-09 08:00:00
72,18,2,49.13,21.82,Insumos Generales Toluca,2024-09-09 08:00:00
73,1,1,25.67,236.79,Café Origen SA,2024-09-16 08:00:00
74,2,1,365.54,25.55,Lácteos del Valle,2024-09-16 08:00:00
75,3,1,44.36,45.16,Lácteos del Valle,2024-09-16 08:00:00
76,4,1,3660.68,0.35,Distribuidora Sabores MX,2024-09-16 08:00:00
77,5,1,3553.49,0.38,Distribuidora Sabores MX,2024-09-16 08:00:00
78,6,1,18.05,175.78,Distribuidora Sabores MX,2024-09-16 08:00:00
79,7,1,166.28,6.31,Insumos Generales Toluca,2024-09-16 08:00:00
80,8,1,456.86,4.67,Panificadora San José,2024-09-16 08:00:00
81,9,1,19.69,134.23,Carnes Selectas,2024-09-16 08:00:00
82,10,1,21.36,164.78,Lácteos del Valle,2024-09-16 08:00:00
83,11,1,268.29,12.39,Panificadora San José,2024-09-16 08:00:00
84,12,1,15.86,125.76,Lácteos del Valle,2024-09-16 08:00:00
85,13,1,483.61,1.86,Insumos Generales Toluca,2024-09-16 08:00:00
86,14,1,33.68,56.02,Insumos Generales Toluca,2024-09-16 08:00:00
87,15,1,2827.29,1.25,Empaques y Desechables MX,2024-09-16 08:00:00
88,16,1,2516.22,1.57,Empaques y Desechables MX,2024-09-16 08:00:00
89,17,1,3373.96,0.78,Empaques y Desechables MX,2024-09-16 08:00:00
90,18,1,34.27,21.75,Insumos Generales Toluca,2024-09-16 08:00:00
91,1,2,25.14,214.68,Café Origen SA,2024-09-16 08:00:00
92,2,2,350.44,24.79,Lácteos del Valle,2024-09-16 08:00:00
93,3,2,58.15,46.5,Lácteos del Valle,2024-09-16 08:00:00
94,4,2,5329.04,0.32,Distribuidora Sabores MX,2024-09-16 08:00:00
95,5,2,4755.07,0.34,Distribuidora Sabores MX,2024-09-16 08:00:00
96,6,2,17.44,187.56,Distribuidora Sabores MX,2024-09-16 08:00:00
97,7,2,246.55,5.91,Insumos Generales Toluca,2024-09-16 08:00:00
98,8,2,369.09,4.63,Panificadora San José,2024-09-16 08:00:00
99,9,2,26.39,141.98,Carnes Selectas,2024-09-16 08:00:00
100,10,2,25.28,158.75,Lácteos del Valle,2024-09-16 08:00:00
101,11,2,405.73,12.0,Panificadora San José,2024-09-16 08:00:00
102,12,2,17.29,124.58,Lácteos del Valle,2024-09-16 08:00:00
103,13,2,495.57,1.8,Insumos Generales Toluca,2024-09-16 08:00:00
104,14,2,36.84,54.01,Insumos Generales Toluca,2024-09-16 08:00:00
105,15,2,3207.24,1.21,Empaques y Desechables MX,2024-09-16 08:00:00
106,16,2,3187.55,1.55,Empaques y Desechables MX,2024-09-16 08:00:00
107,17,2,2959.25,0.82,Empaques y Desechables MX,2024-09-16 08:00:00
108,18,2,35.55,22.35,Insumos Generales Toluca,2024-09-16 08:00:00
109,1,1,28.18,217.44,Café Origen SA,2024-09-23 08:00:00
110,2,1,299.78,22.91,Lácteos del Valle,2024-09-23 08:00:00
111,3,1,67.31,46.34,Lácteos del Valle,2024-09-23 08:00:00
112,4,1,4707.69,0.38,Distribuidora Sabores MX,2024-09-23 08:00:00
113,5,1,3606.89,0.33,Distribuidora Sabores MX,2024-09-23 08:00:00
114,6,1,16.67,174.57,Distribuidora Sabores MX,2024-09-23 08:00:00
115,7,1,172.96,6.03,Insumos Generales Toluca,2024-09-23 08:00:00
116,8,1,382.65,4.63,Panificadora San José,2024-09-23 08:00:00
117,9,1,24.38,135.95,Carnes Selectas,2024-09-23 08:00:00
118,10,1,21.41,163.57,Lácteos del Valle,2024-09-23 08:00:00
119,11,1,298.99,11.93,Panificadora San José,2024-09-23 08:00:00
120,12,1,14.72,130.41,Lácteos del Valle,2024-09-23 08:00:00
121,13,1,479.39,1.87,Insumos Generales Toluca,2024-09-23 08:00:00
122,14,1,37.42,51.87,Insumos Generales Toluca,2024-09-23 08:00:00
123,15,1,4342.48,1.19,Empaques y Desechables MX,2024-09-23 08:00:00
124,16,1,2724.28,1.65,Empaques y Desechables MX,2024-09-23 08:00:00
125,17,1,2463.64,0.81,Empaques y Desechables MX,2024-09-23 08:00:00
126,18,1,41.54,21.82,Insumos Generales Toluca,2024-09-23 08:00:00
127,1,2,18.1,213.3,Café Origen SA,2024-09-23 08:00:00
128,2,2,286.55,26.58,Lácteos del Valle,2024-09-23 08:00:00
129,3,2,37.25,46.52,Lácteos del Valle,2024-09-23 08:00:00
130,4,2,4256.95,0.35,Distribuidora Sabores MX,2024-09-23 08:00:00
131,5,2,3977.63,0.34,Distribuidora Sabores MX,2024-09-23 08:00:00
132,6,2,14.64,184.74,Distribuidora Sabores MX,2024-09-23 08:00:00
133,7,2,162.44,5.65,Insumos Generales Toluca,2024-09-23 08:00:00
134,8,2,309.6,4.14,Panificadora San José,2024-09-23 08:00:00
135,9,2,21.8,144.26,Carnes Selectas,2024-09-23 08:00:00
136,10,2,18.86,161.83,Lácteos del Valle,2024-09-23 08:00:00
137,11,2,317.83,11.18,Panificadora San José,2024-09-23 08:00:00
138,12,2,17.05,140.15,Lácteos del Valle,2024-09-23 08:00:00
139,13,2,523.3,1.93,Insumos Generales Toluca,2024-09-23 08:00:00
140,14,2,44.93,55.81,Insumos Generales Toluca,2024-09-23 08:00:00
141,15,2,2942.27,1.29,Empaques y Desechables MX,2024-09-23 08:00:00
142,16,2,2695.62,1.48,Empaques y Desechables MX,2024-09-23 08:00:00
143,17,2,3287.28,0.82,Empaques y Desechables MX,2024-09-23 08:00:00
144,18,2,34.27,21.27,Insumos Generales Toluca,2024-09-23 08:00:00
145,1,1,22.27,210.54,Café Origen SA,2024-09-30 08:00:00
146,2,1,339.61,25.38,Lácteos del Valle,2024-09-30 08:00:00
147,3,1,57.58,47.77,Lácteos del Valle,2024-09-30 08:00:00
148,4,1,4118.77,0.34,Distribuidora Sabores MX,2024-09-30 08:00:00
149,5,1,3925.53,0.35,Distribuidora Sabores MX,2024-09-30 08:00:00
150,6,1,15.56,177.51,Distribuidora Sabores MX,2024-09-30 08:00:00
151,7,1,272.79,5.84,Insumos Generales Toluca,2024-09-30 08:00:00
152,8,1,413.36,4.5,Panificadora San José,2024-09-30 08:00:00
153,9,1,17.52,128.81,Carnes Selectas,2024-09-30 08:00:00
154,10,1,18.92,138.78,Lácteos del Valle,2024-09-30 08:00:00
155,11,1,216.18,11.16,Panificadora San José,2024-09-30 08:00:00
156,12,1,15.11,127.11,Lácteos del Valle,2024-09-30 08:00:00
157,13,1,503.07,1.86,Insumos Generales Toluca,2024-09-30 08:00:00
158,14,1,35.66,53.04,Insumos Generales Toluca,2024-09-30 08:00:00
159,15,1,3332.32,1.24,Empaques y Desechables MX,2024-09-30 08:00:00
160,16,1,3119.03,1.46,Empaques y Desechables MX,2024-09-30 08:00:00
161,17,1,3689.85,0.85,Empaques y Desechables MX,2024-09-30 08:00:00
162,18,1,36.83,23.28,Insumos Generales Toluca,2024-09-30 08:00:00
163,1,2,25.95,202.58,Café Origen SA,2024-09-30 08:00:00
164,2,2,308.35,21.68,Lácteos del Valle,2024-09-30 08:00:00
165,3,2,55.38,44.2,Lácteos del Valle,2024-09-30 08:00:00
166,4,2,5034.44,0.34,Distribuidora Sabores MX,2024-09-30 08:00:00
167,5,2,2955.1,0.34,Distribuidora Sabores MX,2024-09-30 08:00:00
168,6,2,17.66,171.38,Distribuidora Sabores MX,2024-09-30 08:00:00
169,7,2,213.66,6.19,Insumos Generales Toluca,2024-09-30 08:00:00
170,8,2,525.59,4.39,Panificadora San José,2024-09-30 08:00:00
171,9,2,26.24,147.97,Carnes Selectas,2024-09-30 08:00:00
172,10,2,21.95,160.13,Lácteos del Valle,2024-09-30 08:00:00
173,11,2,234.54,12.63,Panificadora San José,2024-09-30 08:00:00
174,12,2,14.95,120.54,Lácteos del Valle,2024-09-30 08:00:00
175,13,2,527.51,1.78,Insumos Generales Toluca,2024-09-30 08:00:00
176,14,2,36.87,55.86,Insumos Generales Toluca,2024-09-30 08:00:00
177,15,2,2816.9,1.21,Empaques y Desechables MX,2024-09-30 08:00:00
178,16,2,3345.98,1.53,Empaques y Desechables MX,2024-09-30 08:00:00
179,17,2,2730.77,0.76,Empaques y Desechables MX,2024-09-30 08:00:00
180,18,2,42.51,22.89,Insumos Generales Toluca,2024-09-30 08:00:00
181,1,1,24.11,233.83,Café Origen SA,2024-10-07 08:00:00
182,2,1,249.42,24.39,Lácteos del Valle,2024-10-07 08:00:00
183,3,1,67.52,45.79,Lácteos del Valle,2024-10-07 08:00:00
184,4,1,3937.08,0.35,Distribuidora Sabores MX,2024-10-07 08:00:00
185,5,1,4348.28,0.34,Distribuidora Sabores MX,2024-10-07 08:00:00
186,6,1,11.73,183.24,Distribuidora Sabores MX,2024-10-07 08:00:00
187,7,1,217.33,6.02,Insumos Generales Toluca,2024-10-07 08:00:00
188,8,1,463.25,4.6,Panificadora San José,2024-10-07 08:00:00
189,9,1,18.2,138.03,Carnes Selectas,2024-10-07 08:00:00
190,10,1,20.46,162.83,Lácteos del Valle,2024-10-07 08:00:00
191,11,1,323.67,12.6,Panificadora San José,2024-10-07 08:00:00
192,12,1,11.62,127.96,Lácteos del Valle,2024-10-07 08:00:00
193,13,1,562.26,1.74,Insumos Generales Toluca,2024-10-07 08:00:00
194,14,1,43.95,55.08,Insumos Generales Toluca,2024-10-07 08:00:00
195,15,1,2754.67,1.2,Empaques y Desechables MX,2024-10-07 08:00:00
196,16,1,3312.9,1.38,Empaques y Desechables MX,2024-10-07 08:00:00
197,17,1,2326.93,0.78,Empaques y Desechables MX,2024-10-07 08:00:00
198,18,1,42.06,22.72,Insumos Generales Toluca,2024-10-07 08:00:00
199,1,2,25.29,212.75,Café Origen SA,2024-10-07 08:00:00
200,2,2,325.21,24.55,Lácteos del Valle,2024-10-07 08:00:00
201,3,2,56.02,47.34,Lácteos del Valle,2024-10-07 08:00:00
202,4,2,3917.43,0.35,Distribuidora Sabores MX,2024-10-07 08:00:00
203,5,2,4595.97,0.37,Distribuidora Sabores MX,2024-10-07 08:00:00
204,6,2,16.44,182.7,Distribuidora Sabores MX,2024-10-07 08:00:00
205,7,2,281.64,6.07,Insumos Generales Toluca,2024-10-07 08:00:00
206,8,2,396.61,4.66,Panificadora San José,2024-10-07 08:00:00
207,9,2,19.09,138.24,Carnes Selectas,2024-10-07 08:00:00
208,10,2,19.57,157.75,Lácteos del Valle,2024-10-07 08:00:00
209,11,2,298.13,11.89,Panificadora San José,2024-10-07 08:00:00
210,12,2,15.76,130.5,Lácteos del Valle,2024-10-07 08:00:00
211,13,2,504.57,1.78,Insumos Generales Toluca,2024-10-07 08:00:00
212,14,2,40.58,53.63,Insumos Generales Toluca,2024-10-07 08:00:00
213,15,2,2871.99,1.23,Empaques y Desechables MX,2024-10-07 08:00:00
214,16,2,3090.74,1.48,Empaques y Desechables MX,2024-10-07 08:00:00
215,17,2,2589.74,0.83,Empaques y Desechables MX,2024-10-07 08:00:00
216,18,2,35.69,21.07,Insumos Generales Toluca,2024-10-07 08:00:00
217,1,1,15.11,228.51,Café Origen SA,2024-10-14 08:00:00
218,2,1,229.63,23.62,Lácteos del Valle,2024-10-14 08:00:00
219,3,1,64.96,47.12,Lácteos del Valle,2024-10-14 08:00:00
220,4,1,3625.81,0.37,Distribuidora Sabores MX,2024-10-14 08:00:00
221,5,1,3592.09,0.37,Distribuidora Sabores MX,2024-10-14 08:00:00
222,6,1,15.43,182.72,Distribuidora Sabores MX,2024-10-14 08:00:00
223,7,1,196.47,6.21,Insumos Generales Toluca,2024-10-14 08:00:00
224,8,1,481.22,4.44,Panificadora San José,2024-10-14 08:00:00
225,9,1,22.84,142.42,Carnes Selectas,2024-10-14 08:00:00
226,10,1,19.61,163.51,Lácteos del Valle,2024-10-14 08:00:00
227,11,1,254.65,12.22,Panificadora San José,2024-10-14 08:00:00
228,12,1,12.01,123.48,Lácteos del Valle,2024-10-14 08:00:00
229,13,1,610.71,1.88,Insumos Generales Toluca,2024-10-14 08:00:00
230,14,1,51.98,55.84,Insumos Generales Toluca,2024-10-14 08:00:00
231,15,1,2566.71,1.15,Empaques y Desechables MX,2024-10-14 08:00:00
232,16,1,3087.85,1.5,Empaques y Desechables MX,2024-10-14 08:00:00
233,17,1,2912.23,0.8,Empaques y Desechables MX,2024-10-14 08:00:00
234,18,1,44.29,21.47,Insumos Generales Toluca,2024-10-14 08:00:00
235,1,2,26.1,221.72,Café Origen SA,2024-10-14 08:00:00
236,2,2,282.25,22.95,Lácteos del Valle,2024-10-14 08:00:00
237,3,2,58.83,47.21,Lácteos del Valle,2024-10-14 08:00:00
238,4,2,4123.12,0.34,Distribuidora Sabores MX,2024-10-14 08:00:00
239,5,2,3129.32,0.35,Distribuidora Sabores MX,2024-10-14 08:00:00
240,6,2,11.15,179.5,Distribuidora Sabores MX,2024-10-14 08:00:00
241,7,2,229.53,6.08,Insumos Generales Toluca,2024-10-14 08:00:00
242,8,2,409.21,4.38,Panificadora San José,2024-10-14 08:00:00
243,9,2,20.03,126.8,Carnes Selectas,2024-10-14 08:00:00
244,10,2,19.88,156.48,Lácteos del Valle,2024-10-14 08:00:00
245,11,2,317.04,11.83,Panificadora San José,2024-10-14 08:00:00
246,12,2,12.92,130.12,Lácteos del Valle,2024-10-14 08:00:00
247,13,2,610.0,1.86,Insumos Generales Toluca,2024-10-14 08:00:00
248,14,2,39.97,52.03,Insumos Generales Toluca,2024-10-14 08:00:00
249,15,2,3163.57,1.16,Empaques y Desechables MX,2024-10-14 08:00:00
250,16,2,3597.82,1.53,Empaques y Desechables MX,2024-10-14 08:00:00
251,17,2,2257.19,0.81,Empaques y Desechables MX,2024-10-14 08:00:00
252,18,2,40.82,21.97,Insumos Generales Toluca,2024-10-14 08:00:00
253,1,1,17.94,212.71,Café Origen SA,2024-10-21 08:00:00
254,2,1,342.1,25.16,Lácteos del Valle,2024-10-21 08:00:00
255,3,1,60.76,47.07,Lácteos del Valle,2024-10-21 08:00:00
256,4,1,4376.8,0.37,Distribuidora Sabores MX,2024-10-21 08:00:00
257,5,1,4375.95,0.34,Distribuidora Sabores MX,2024-10-21 08:00:00
258,6,1,18.59,178.3,Distribuidora Sabores MX,2024-10-21 08:00:00
259,7,1,184.62,6.0,Insumos Generales Toluca,2024-10-21 08:00:00
260,8,1,398.59,4.33,Panificadora San José,2024-10-21 08:00:00
261,9,1,28.55,135.31,Carnes Selectas,2024-10-21 08:00:00
262,10,1,22.12,162.28,Lácteos del Valle,2024-10-21 08:00:00
263,11,1,391.08,11.44,Panificadora San José,2024-10-21 08:00:00
264,12,1,16.45,129.08,Lácteos del Valle,2024-10-21 08:00:00
265,13,1,507.98,1.83,Insumos Generales Toluca,2024-10-21 08:00:00
266,14,1,36.97,53.29,Insumos Generales Toluca,2024-10-21 08:00:00
267,15,1,3687.15,1.19,Empaques y Desechables MX,2024-10-21 08:00:00
268,16,1,3060.27,1.51,Empaques y Desechables MX,2024-10-21 08:00:00
269,17,1,2984.44,0.88,Empaques y Desechables MX,2024-10-21 08:00:00
270,18,1,32.37,23.08,Insumos Generales Toluca,2024-10-21 08:00:00
271,1,2,25.7,216.05,Café Origen SA,2024-10-21 08:00:00
272,2,2,268.03,24.35,Lácteos del Valle,2024-10-21 08:00:00
273,3,2,55.93,42.98,Lácteos del Valle,2024-10-21 08:00:00
274,4,2,4486.34,0.32,Distribuidora Sabores MX,2024-10-21 08:00:00
275,5,2,4144.49,0.38,Distribuidora Sabores MX,2024-10-21 08:00:00
276,6,2,15.79,168.68,Distribuidora Sabores MX,2024-10-21 08:00:00
277,7,2,191.44,5.85,Insumos Generales Toluca,2024-10-21 08:00:00
278,8,2,408.08,4.65,Panificadora San José,2024-10-21 08:00:00
279,9,2,27.77,148.48,Carnes Selectas,2024-10-21 08:00:00
280,10,2,16.73,155.53,Lácteos del Valle,2024-10-21 08:00:00
281,11,2,293.4,12.33,Panificadora San José,2024-10-21 08:00:00
282,12,2,11.03,131.83,Lácteos del Valle,2024-10-21 08:00:00
283,13,2,556.64,1.94,Insumos Generales Toluca,2024-10-21 08:00:00
284,14,2,40.83,51.43,Insumos Generales Toluca,2024-10-21 08:00:00
285,15,2,3325.9,1.19,Empaques y Desechables MX,2024-10-21 08:00:00
286,16,2,3692.71,1.5,Empaques y Desechables MX,2024-10-21 08:00:00
287,17,2,2164.24,0.76,Empaques y Desechables MX,2024-10-21 08:00:00
288,18,2,36.26,22.48,Insumos Generales Toluca,2024-10-21 08:00:00
289,1,1,28.21,219.26,Café Origen SA,2024-10-28 08:00:00
290,2,1,281.2,24.55,Lácteos del Valle,2024-10-28 08:00:00
291,3,1,78.33,45.19,Lácteos del Valle,2024-10-28 08:00:00
292,4,1,4555.83,0.37,Distribuidora Sabores MX,2024-10-28 08:00:00
293,5,1,3887.92,0.35,Distribuidora Sabores MX,2024-10-28 08:00:00
294,6,1,16.93,193.41,Distribuidora Sabores MX,2024-10-28 08:00:00
295,7,1,179.19,5.87,Insumos Generales Toluca,2024-10-28 08:00:00
296,8,1,297.05,4.67,Panificadora San José,2024-10-28 08:00:00
297,9,1,28.74,141.17,Carnes Selectas,2024-10-28 08:00:00
298,10,1,24.47,158.07,Lácteos del Valle,2024-10-28 08:00:00
299,11,1,276.92,11.11,Panificadora San José,2024-10-28 08:00:00
300,12,1,15.78,125.13,Lácteos del Valle,2024-10-28 08:00:00
301,13,1,562.0,1.82,Insumos Generales Toluca,2024-10-28 08:00:00
302,14,1,44.99,56.22,Insumos Generales Toluca,2024-10-28 08:00:00
303,15,1,3445.85,1.21,Empaques y Desechables MX,2024-10-28 08:00:00
304,16,1,3073.25,1.54,Empaques y Desechables MX,2024-10-28 08:00:00
305,17,1,2557.64,0.85,Empaques y Desechables MX,2024-10-28 08:00:00
306,18,1,35.81,21.89,Insumos Generales Toluca,2024-10-28 08:00:00
307,1,2,30.71,220.45,Café Origen SA,2024-10-28 08:00:00
308,2,2,311.54,23.81,Lácteos del Valle,2024-10-28 08:00:00
309,3,2,56.47,45.31,Lácteos del Valle,2024-10-28 08:00:00
310,4,2,3783.66,0.35,Distribuidora Sabores MX,2024-10-28 08:00:00
311,5,2,2862.41,0.37,Distribuidora Sabores MX,2024-10-28 08:00:00
312,6,2,18.98,199.51,Distribuidora Sabores MX,2024-10-28 08:00:00
313,7,2,188.26,5.55,Insumos Generales Toluca,2024-10-28 08:00:00
314,8,2,301.17,4.56,Panificadora San José,2024-10-28 08:00:00
315,9,2,21.59,141.2,Carnes Selectas,2024-10-28 08:00:00
316,10,2,20.31,172.81,Lácteos del Valle,2024-10-28 08:00:00
317,11,2,269.99,11.74,Panificadora San José,2024-10-28 08:00:00
318,12,2,14.81,138.56,Lácteos del Valle,2024-10-28 08:00:00
319,13,2,466.26,1.86,Insumos Generales Toluca,2024-10-28 08:00:00
320,14,2,23.23,55.73,Insumos Generales Toluca,2024-10-28 08:00:00
321,15,2,3246.17,1.22,Empaques y Desechables MX,2024-10-28 08:00:00
322,16,2,2496.51,1.44,Empaques y Desechables MX,2024-10-28 08:00:00
323,17,2,3244.23,0.88,Empaques y Desechables MX,2024-10-28 08:00:00
324,18,2,43.78,24.03,Insumos Generales Toluca,2024-10-28 08:00:00
325,1,1,30.6,224.47,Café Origen SA,2024-11-04 08:00:00
326,2,1,266.46,25.91,Lácteos del Valle,2024-11-04 08:00:00
327,3,1,59.01,47.79,Lácteos del Valle,2024-11-04 08:00:00
328,4,1,3557.69,0.33,Distribuidora Sabores MX,2024-11-04 08:00:00
329,5,1,3998.44,0.37,Distribuidora Sabores MX,2024-11-04 08:00:00
330,6,1,14.65,189.47,Distribuidora Sabores MX,2024-11-04 08:00:00
331,7,1,231.23,5.73,Insumos Generales Toluca,2024-11-04 08:00:00
332,8,1,263.88,4.47,Panificadora San José,2024-11-04 08:00:00
333,9,1,23.1,158.52,Carnes Selectas,2024-11-04 08:00:00
334,10,1,18.22,168.07,Lácteos del Valle,2024-11-04 08:00:00
335,11,1,313.26,12.82,Panificadora San José,2024-11-04 08:00:00
336,12,1,12.42,127.55,Lácteos del Valle,2024-11-04 08:00:00
337,13,1,423.13,1.76,Insumos Generales Toluca,2024-11-04 08:00:00
338,14,1,34.79,54.18,Insumos Generales Toluca,2024-11-04 08:00:00
339,15,1,2894.58,1.28,Empaques y Desechables MX,2024-11-04 08:00:00
340,16,1,2780.27,1.42,Empaques y Desechables MX,2024-11-04 08:00:00
341,17,1,1638.72,0.78,Empaques y Desechables MX,2024-11-04 08:00:00
342,18,1,38.11,21.04,Insumos Generales Toluca,2024-11-04 08:00:00
343,1,2,30.49,223.57,Café Origen SA,2024-11-04 08:00:00
344,2,2,324.32,23.75,Lácteos del Valle,2024-11-04 08:00:00
345,3,2,59.9,50.07,Lácteos del Valle,2024-11-04 08:00:00
346,4,2,4409.75,0.36,Distribuidora Sabores MX,2024-11-04 08:00:00
347,5,2,3234.47,0.36,Distribuidora Sabores MX,2024-11-04 08:00:00
348,6,2,15.56,173.43,Distribuidora Sabores MX,2024-11-04 08:00:00
349,7,2,188.61,6.04,Insumos Generales Toluca,2024-11-04 08:00:00
350,8,2,372.56,4.54,Panificadora San José,2024-11-04 08:00:00
351,9,2,28.0,145.23,Carnes Selectas,2024-11-04 08:00:00
352,10,2,20.19,164.52,Lácteos del Valle,2024-11-04 08:00:00
353,11,2,290.58,12.05,Panificadora San José,2024-11-04 08:00:00
354,12,2,11.8,126.96,Lácteos del Valle,2024-11-04 08:00:00
355,13,2,472.5,1.91,Insumos Generales Toluca,2024-11-04 08:00:00
356,14,2,38.38,55.32,Insumos Generales Toluca,2024-11-04 08:00:00
357,15,2,3383.57,1.2,Empaques y Desechables MX,2024-11-04 08:00:00
358,16,2,2870.57,1.54,Empaques y Desechables MX,2024-11-04 08:00:00
359,17,2,2820.13,0.77,Empaques y Desechables MX,2024-11-04 08:00:00
360,18,2,30.75,21.15,Insumos Generales Toluca,2024-11-04 08:00:00
361,1,1,24.73,235.54,Café Origen SA,2024-11-11 08:00:00
362,2,1,211.37,23.81,Lácteos del Valle,2024-11-11 08:00:00
363,3,1,66.68,44.94,Lácteos del Valle,2024-11-11 08:00:00
364,4,1,4135.0,0.35,Distribuidora Sabores MX,2024-11-11 08:00:00
365,5,1,3704.32,0.33,Distribuidora Sabores MX,2024-11-11 08:00:00
366,6,1,15.19,176.17,Distribuidora Sabores MX,2024-11-11 08:00:00
367,7,1,200.68,5.9,Insumos Generales Toluca,2024-11-11 08:00:00
368,8,1,470.72,4.74,Panificadora San José,2024-11-11 08:00:00
369,9,1,28.06,130.03,Carnes Selectas,2024-11-11 08:00:00
370,10,1,19.95,171.18,Lácteos del Valle,2024-11-11 08:00:00
371,11,1,313.85,12.09,Panificadora San José,2024-11-11 08:00:00
372,12,1,16.5,136.15,Lácteos del Valle,2024-11-11 08:00:00
373,13,1,572.42,1.86,Insumos Generales Toluca,2024-11-11 08:00:00
374,14,1,32.5,55.39,Insumos Generales Toluca,2024-11-11 08:00:00
375,15,1,2845.66,1.25,Empaques y Desechables MX,2024-11-11 08:00:00
376,16,1,2764.25,1.61,Empaques y Desechables MX,2024-11-11 08:00:00
377,17,1,1944.68,0.82,Empaques y Desechables MX,2024-11-11 08:00:00
378,18,1,44.77,23.66,Insumos Generales Toluca,2024-11-11 08:00:00
379,1,2,17.6,216.75,Café Origen SA,2024-11-11 08:00:00
380,2,2,242.31,22.82,Lácteos del Valle,2024-11-11 08:00:00
381,3,2,65.25,44.68,Lácteos del Valle,2024-11-11 08:00:00
382,4,2,3586.08,0.33,Distribuidora Sabores MX,2024-11-11 08:00:00
383,5,2,3589.17,0.36,Distribuidora Sabores MX,2024-11-11 08:00:00
384,6,2,15.59,188.49,Distribuidora Sabores MX,2024-11-11 08:00:00
385,7,2,241.29,5.67,Insumos Generales Toluca,2024-11-11 08:00:00
386,8,2,414.93,4.69,Panificadora San José,2024-11-11 08:00:00
387,9,2,26.07,139.39,Carnes Selectas,2024-11-11 08:00:00
388,10,2,11.02,163.51,Lácteos del Valle,2024-11-11 08:00:00
389,11,2,274.97,12.49,Panificadora San José,2024-11-11 08:00:00
390,12,2,14.1,131.17,Lácteos del Valle,2024-11-11 08:00:00
391,13,2,459.84,1.83,Insumos Generales Toluca,2024-11-11 08:00:00
392,14,2,33.78,53.31,Insumos Generales Toluca,2024-11-11 08:00:00
393,15,2,3120.98,1.16,Empaques y Desechables MX,2024-11-11 08:00:00
394,16,2,2731.37,1.49,Empaques y Desechables MX,2024-11-11 08:00:00
395,17,2,3274.28,0.79,Empaques y Desechables MX,2024-11-11 08:00:00
396,18,2,40.38,24.01,Insumos Generales Toluca,2024-11-11 08:00:00
397,1,1,19.8,218.99,Café Origen SA,2024-11-18 08:00:00
398,2,1,315.8,22.97,Lácteos del Valle,2024-11-18 08:00:00
399,3,1,32.56,44.19,Lácteos del Valle,2024-11-18 08:00:00
400,4,1,4268.57,0.34,Distribuidora Sabores MX,2024-11-18 08:00:00
401,5,1,3497.44,0.35,Distribuidora Sabores MX,2024-11-18 08:00:00
402,6,1,18.88,184.46,Distribuidora Sabores MX,2024-11-18 08:00:00
403,7,1,187.98,6.18,Insumos Generales Toluca,2024-11-18 08:00:00
404,8,1,450.98,4.67,Panificadora San José,2024-11-18 08:00:00
405,9,1,21.64,138.01,Carnes Selectas,2024-11-18 08:00:00
406,10,1,18.79,161.51,Lácteos del Valle,2024-11-18 08:00:00
407,11,1,254.75,12.58,Panificadora San José,2024-11-18 08:00:00
408,12,1,16.36,140.82,Lácteos del Valle,2024-11-18 08:00:00
409,13,1,397.52,1.86,Insumos Generales Toluca,2024-11-18 08:00:00
410,14,1,45.07,58.37,Insumos Generales Toluca,2024-11-18 08:00:00
411,15,1,2919.5,1.15,Empaques y Desechables MX,2024-11-18 08:00:00
412,16,1,2772.67,1.63,Empaques y Desechables MX,2024-11-18 08:00:00
413,17,1,3356.5,0.78,Empaques y Desechables MX,2024-11-18 08:00:00
414,18,1,39.89,21.59,Insumos Generales Toluca,2024-11-18 08:00:00
415,1,2,22.45,227.53,Café Origen SA,2024-11-18 08:00:00
416,2,2,280.54,23.04,Lácteos del Valle,2024-11-18 08:00:00
417,3,2,60.2,47.5,Lácteos del Valle,2024-11-18 08:00:00
418,4,2,4710.6,0.34,Distribuidora Sabores MX,2024-11-18 08:00:00
419,5,2,3394.28,0.34,Distribuidora Sabores MX,2024-11-18 08:00:00
420,6,2,14.14,191.56,Distribuidora Sabores MX,2024-11-18 08:00:00
421,7,2,191.98,6.36,Insumos Generales Toluca,2024-11-18 08:00:00
422,8,2,337.76,4.45,Panificadora San José,2024-11-18 08:00:00
423,9,2,27.78,139.39,Carnes Selectas,2024-11-18 08:00:00
424,10,2,19.92,162.05,Lácteos del Valle,2024-11-18 08:00:00
425,11,2,238.96,12.28,Panificadora San José,2024-11-18 08:00:00
426,12,2,15.14,132.98,Lácteos del Valle,2024-11-18 08:00:00
427,13,2,409.29,1.62,Insumos Generales Toluca,2024-11-18 08:00:00
428,14,2,40.52,54.66,Insumos Generales Toluca,2024-11-18 08:00:00
429,15,2,2772.34,1.16,Empaques y Desechables MX,2024-11-18 08:00:00
430,16,2,2836.3,1.44,Empaques y Desechables MX,2024-11-18 08:00:00
431,17,2,3283.22,0.79,Empaques y Desechables MX,2024-11-18 08:00:00
432,18,2,33.53,22.99,Insumos Generales Toluca,2024-11-18 08:00:00
433,1,1,29.76,214.74,Café Origen SA,2024-11-25 08:00:00
434,2,1,251.38,26.07,Lácteos del Valle,2024-11-25 08:00:00
435,3,1,52.46,45.1,Lácteos del Valle,2024-11-25 08:00:00
436,4,1,3856.98,0.33,Distribuidora Sabores MX,2024-11-25 08:00:00
437,5,1,3543.26,0.37,Distribuidora Sabores MX,2024-11-25 08:00:00
438,6,1,13.48,182.36,Distribuidora Sabores MX,2024-11-25 08:00:00
439,7,1,205.98,6.17,Insumos Generales Toluca,2024-11-25 08:00:00
440,8,1,380.2,4.77,Panificadora San José,2024-11-25 08:00:00
441,9,1,23.2,140.21,Carnes Selectas,2024-11-25 08:00:00
442,10,1,23.11,159.73,Lácteos del Valle,2024-11-25 08:00:00
443,11,1,313.68,12.31,Panificadora San José,2024-11-25 08:00:00
444,12,1,13.84,125.22,Lácteos del Valle,2024-11-25 08:00:00
445,13,1,585.64,1.78,Insumos Generales Toluca,2024-11-25 08:00:00
446,14,1,37.76,53.95,Insumos Generales Toluca,2024-11-25 08:00:00
447,15,1,2823.26,1.22,Empaques y Desechables MX,2024-11-25 08:00:00
448,16,1,3153.36,1.5,Empaques y Desechables MX,2024-11-25 08:00:00
449,17,1,2647.51,0.8,Empaques y Desechables MX,2024-11-25 08:00:00
450,18,1,33.51,22.48,Insumos Generales Toluca,2024-11-25 08:00:00
451,1,2,20.66,233.4,Café Origen SA,2024-11-25 08:00:00
452,2,2,244.94,24.82,Lácteos del Valle,2024-11-25 08:00:00
453,3,2,56.9,45.2,Lácteos del Valle,2024-11-25 08:00:00
454,4,2,4299.52,0.37,Distribuidora Sabores MX,2024-11-25 08:00:00
455,5,2,5184.23,0.38,Distribuidora Sabores MX,2024-11-25 08:00:00
456,6,2,15.14,179.12,Distribuidora Sabores MX,2024-11-25 08:00:00
457,7,2,208.13,6.51,Insumos Generales Toluca,2024-11-25 08:00:00
458,8,2,384.12,4.6,Panificadora San José,2024-11-25 08:00:00
459,9,2,20.58,143.9,Carnes Selectas,2024-11-25 08:00:00
460,10,2,18.38,160.57,Lácteos del Valle,2024-11-25 08:00:00
461,11,2,300.04,11.48,Panificadora San José,2024-11-25 08:00:00
462,12,2,16.22,126.75,Lácteos del Valle,2024-11-25 08:00:00
463,13,2,676.64,1.8,Insumos Generales Toluca,2024-11-25 08:00:00
464,14,2,26.7,55.76,Insumos Generales Toluca,2024-11-25 08:00:00
465,15,2,3082.77,1.26,Empaques y Desechables MX,2024-11-25 08:00:00
466,16,2,2825.8,1.54,Empaques y Desechables MX,2024-11-25 08:00:00
467,17,2,3139.6,0.83,Empaques y Desechables MX,2024-11-25 08:00:00
468,18,2,49.94,20.92,Insumos Generales Toluca,2024-11-25 08:00:00
469,1,1,23.24,233.48,Café Origen SA,2024-12-02 08:00:00
470,2,1,239.68,24.55,Lácteos del Valle,2024-12-02 08:00:00
471,3,1,50.28,40.13,Lácteos del Valle,2024-12-02 08:00:00
472,4,1,5185.95,0.36,Distribuidora Sabores MX,2024-12-02 08:00:00
473,5,1,3952.33,0.36,Distribuidora Sabores MX,2024-12-02 08:00:00
474,6,1,17.18,196.34,Distribuidora Sabores MX,2024-12-02 08:00:00
475,7,1,211.74,5.65,Insumos Generales Toluca,2024-12-02 08:00:00
476,8,1,310.26,4.67,Panificadora San José,2024-12-02 08:00:00
477,9,1,30.75,147.93,Carnes Selectas,2024-12-02 08:00:00
478,10,1,15.9,159.21,Lácteos del Valle,2024-12-02 08:00:00
479,11,1,254.52,12.6,Panificadora San José,2024-12-02 08:00:00
480,12,1,12.13,129.99,Lácteos del Valle,2024-12-02 08:00:00
481,13,1,462.55,1.77,Insumos Generales Toluca,2024-12-02 08:00:00
482,14,1,34.5,57.52,Insumos Generales Toluca,2024-12-02 08:00:00
483,15,1,2943.46,1.25,Empaques y Desechables MX,2024-12-02 08:00:00
484,16,1,2596.8,1.52,Empaques y Desechables MX,2024-12-02 08:00:00
485,17,1,3101.0,0.86,Empaques y Desechables MX,2024-12-02 08:00:00
486,18,1,46.23,23.28,Insumos Generales Toluca,2024-12-02 08:00:00
487,1,2,26.24,225.16,Café Origen SA,2024-12-02 08:00:00
488,2,2,292.14,23.02,Lácteos del Valle,2024-12-02 08:00:00
489,3,2,57.66,43.47,Lácteos del Valle,2024-12-02 08:00:00
490,4,2,3694.25,0.34,Distribuidora Sabores MX,2024-12-02 08:00:00
491,5,2,4693.48,0.37,Distribuidora Sabores MX,2024-12-02 08:00:00
492,6,2,11.81,188.66,Distribuidora Sabores MX,2024-12-02 08:00:00
493,7,2,192.37,6.16,Insumos Generales Toluca,2024-12-02 08:00:00
494,8,2,338.7,4.41,Panificadora San José,2024-12-02 08:00:00
495,9,2,23.67,143.05,Carnes Selectas,2024-12-02 08:00:00
496,10,2,21.02,150.18,Lácteos del Valle,2024-12-02 08:00:00
497,11,2,237.36,12.76,Panificadora San José,2024-12-02 08:00:00
498,12,2,13.13,128.63,Lácteos del Valle,2024-12-02 08:00:00
499,13,2,427.91,1.78,Insumos Generales Toluca,2024-12-02 08:00:00
500,14,2,39.69,57.99,Insumos Generales Toluca,2024-12-02 08:00:00
501,15,2,3668.68,1.23,Empaques y Desechables MX,2024-12-02 08:00:00
502,16,2,2727.97,1.53,Empaques y Desechables MX,2024-12-02 08:00:00
503,17,2,2934.24,0.8,Empaques y Desechables MX,2024-12-02 08:00:00
504,18,2,45.42,22.65,Insumos Generales Toluca,2024-12-02 08:00:00
505,1,1,24.0,215.81,Café Origen SA,2024-12-09 08:00:00
506,2,1,343.76,25.92,Lácteos del Valle,2024-12-09 08:00:00
507,3,1,74.03,44.93,Lácteos del Valle,2024-12-09 08:00:00
508,4,1,4246.7,0.36,Distribuidora Sabores MX,2024-12-09 08:00:00
509,5,1,4010.35,0.32,Distribuidora Sabores MX,2024-12-09 08:00:00
510,6,1,16.2,183.86,Distribuidora Sabores MX,2024-12-09 08:00:00
511,7,1,216.14,6.09,Insumos Generales Toluca,2024-12-09 08:00:00
512,8,1,384.7,4.93,Panificadora San José,2024-12-09 08:00:00
513,9,1,24.41,133.52,Carnes Selectas,2024-12-09 08:00:00
514,10,1,14.41,156.7,Lácteos del Valle,2024-12-09 08:00:00
515,11,1,245.44,11.97,Panificadora San José,2024-12-09 08:00:00
516,12,1,15.57,126.98,Lácteos del Valle,2024-12-09 08:00:00
517,13,1,385.87,1.78,Insumos Generales Toluca,2024-12-09 08:00:00
518,14,1,38.25,55.02,Insumos Generales Toluca,2024-12-09 08:00:00
519,15,1,2792.6,1.18,Empaques y Desechables MX,2024-12-09 08:00:00
520,16,1,3159.32,1.43,Empaques y Desechables MX,2024-12-09 08:00:00
521,17,1,2759.43,0.85,Empaques y Desechables MX,2024-12-09 08:00:00
522,18,1,47.81,21.39,Insumos Generales Toluca,2024-12-09 08:00:00
523,1,2,21.32,225.72,Café Origen SA,2024-12-09 08:00:00
524,2,2,313.93,24.54,Lácteos del Valle,2024-12-09 08:00:00
525,3,2,70.06,47.2,Lácteos del Valle,2024-12-09 08:00:00
526,4,2,4117.59,0.39,Distribuidora Sabores MX,2024-12-09 08:00:00
527,5,2,3698.89,0.36,Distribuidora Sabores MX,2024-12-09 08:00:00
528,6,2,17.79,184.68,Distribuidora Sabores MX,2024-12-09 08:00:00
529,7,2,190.36,6.26,Insumos Generales Toluca,2024-12-09 08:00:00
530,8,2,323.04,4.54,Panificadora San José,2024-12-09 08:00:00
531,9,2,23.77,135.46,Carnes Selectas,2024-12-09 08:00:00
532,10,2,22.42,156.75,Lácteos del Valle,2024-12-09 08:00:00
533,11,2,205.98,12.19,Panificadora San José,2024-12-09 08:00:00
534,12,2,11.71,124.39,Lácteos del Valle,2024-12-09 08:00:00
535,13,2,468.76,1.81,Insumos Generales Toluca,2024-12-09 08:00:00
536,14,2,27.86,55.15,Insumos Generales Toluca,2024-12-09 08:00:00
537,15,2,2923.72,1.2,Empaques y Desechables MX,2024-12-09 08:00:00
538,16,2,2538.32,1.57,Empaques y Desechables MX,2024-12-09 08:00:00
539,17,2,2265.88,0.8,Empaques y Desechables MX,2024-12-09 08:00:00
540,18,2,35.54,22.07,Insumos Generales Toluca,2024-12-09 08:00:00
541,1,1,27.83,220.58,Café Origen SA,2024-12-16 08:00:00
542,2,1,246.79,23.56,Lácteos del Valle,2024-12-16 08:00:00
543,3,1,77.38,42.95,Lácteos del Valle,2024-12-16 08:00:00
544,4,1,3704.0,0.35,Distribuidora Sabores MX,2024-12-16 08:00:00
545,5,1,4862.46,0.37,Distribuidora Sabores MX,2024-12-16 08:00:00
546,6,1,11.53,185.1,Distribuidora Sabores MX,2024-12-16 08:00:00
547,7,1,148.37,6.19,Insumos Generales Toluca,2024-12-16 08:00:00
548,8,1,410.96,4.99,Panificadora San José,2024-12-16 08:00:00
549,9,1,23.9,158.79,Carnes Selectas,2024-12-16 08:00:00
550,10,1,15.89,161.0,Lácteos del Valle,2024-12-16 08:00:00
551,11,1,303.38,12.62,Panificadora San José,2024-12-16 08:00:00
552,12,1,18.04,133.26,Lácteos del Valle,2024-12-16 08:00:00
553,13,1,452.9,1.9,Insumos Generales Toluca,2024-12-16 08:00:00
554,14,1,39.94,60.29,Insumos Generales Toluca,2024-12-16 08:00:00
555,15,1,2979.23,1.2,Empaques y Desechables MX,2024-12-16 08:00:00
556,16,1,3867.91,1.56,Empaques y Desechables MX,2024-12-16 08:00:00
557,17,1,3206.17,0.8,Empaques y Desechables MX,2024-12-16 08:00:00
558,18,1,45.79,23.35,Insumos Generales Toluca,2024-12-16 08:00:00
559,1,2,21.36,207.14,Café Origen SA,2024-12-16 08:00:00
560,2,2,296.3,25.0,Lácteos del Valle,2024-12-16 08:00:00
561,3,2,50.18,45.68,Lácteos del Valle,2024-12-16 08:00:00
562,4,2,4027.81,0.35,Distribuidora Sabores MX,2024-12-16 08:00:00
563,5,2,3874.01,0.37,Distribuidora Sabores MX,2024-12-16 08:00:00
564,6,2,17.26,185.4,Distribuidora Sabores MX,2024-12-16 08:00:00
565,7,2,192.56,5.87,Insumos Generales Toluca,2024-12-16 08:00:00
566,8,2,387.51,4.57,Panificadora San José,2024-12-16 08:00:00
567,9,2,27.14,148.13,Carnes Selectas,2024-12-16 08:00:00
568,10,2,18.06,162.99,Lácteos del Valle,2024-12-16 08:00:00
569,11,2,282.91,12.2,Panificadora San José,2024-12-16 08:00:00
570,12,2,13.42,131.2,Lácteos del Valle,2024-12-16 08:00:00
571,13,2,433.58,1.83,Insumos Generales Toluca,2024-12-16 08:00:00
572,14,2,34.07,55.0,Insumos Generales Toluca,2024-12-16 08:00:00
573,15,2,2596.04,1.17,Empaques y Desechables MX,2024-12-16 08:00:00
574,16,2,3675.1,1.45,Empaques y Desechables MX,2024-12-16 08:00:00
575,17,2,2919.43,0.84,Empaques y Desechables MX,2024-12-16 08:00:00
576,18,2,26.9,22.78,Insumos Generales Toluca,2024-12-16 08:00:00
577,1,1,24.69,220.98,Café Origen SA,2024-12-23 08:00:00
578,2,1,229.13,23.56,Lácteos del Valle,2024-12-23 08:00:00
579,3,1,54.25,46.72,Lácteos del Valle,2024-12-23 08:00:00
580,4,1,4494.49,0.34,Distribuidora Sabores MX,2024-12-23 08:00:00
581,5,1,3993.28,0.35,Distribuidora Sabores MX,2024-12-23 08:00:00
582,6,1,14.88,176.52,Distribuidora Sabores MX,2024-12-23 08:00:00
583,7,1,158.29,5.7,Insumos Generales Toluca,2024-12-23 08:00:00
584,8,1,524.17,4.53,Panificadora San José,2024-12-23 08:00:00
585,9,1,22.07,149.84,Carnes Selectas,2024-12-23 08:00:00
586,10,1,20.97,166.88,Lácteos del Valle,2024-12-23 08:00:00
587,11,1,233.19,12.24,Panificadora San José,2024-12-23 08:00:00
588,12,1,14.81,124.23,Lácteos del Valle,2024-12-23 08:00:00
589,13,1,381.18,1.73,Insumos Generales Toluca,2024-12-23 08:00:00
590,14,1,39.54,55.85,Insumos Generales Toluca,2024-12-23 08:00:00
591,15,1,2917.38,1.28,Empaques y Desechables MX,2024-12-23 08:00:00
592,16,1,3551.22,1.6,Empaques y Desechables MX,2024-12-23 08:00:00
593,17,1,2400.92,0.83,Empaques y Desechables MX,2024-12-23 08:00:00
594,18,1,43.57,22.53,Insumos Generales Toluca,2024-12-23 08:00:00
595,1,2,26.21,219.11,Café Origen SA,2024-12-23 08:00:00
596,2,2,276.29,25.29,Lácteos del Valle,2024-12-23 08:00:00
597,3,2,58.96,46.09,Lácteos del Valle,2024-12-23 08:00:00
598,4,2,4349.03,0.39,Distribuidora Sabores MX,2024-12-23 08:00:00
599,5,2,4452.77,0.36,Distribuidora Sabores MX,2024-12-23 08:00:00
600,6,2,10.89,179.26,Distribuidora Sabores MX,2024-12-23 08:00:00
601,7,2,180.92,5.96,Insumos Generales Toluca,2024-12-23 08:00:00
602,8,2,332.09,4.18,Panificadora San José,2024-12-23 08:00:00
603,9,2,26.32,139.44,Carnes Selectas,2024-12-23 08:00:00
604,10,2,18.56,152.32,Lácteos del Valle,2024-12-23 08:00:00
605,11,2,296.12,13.12,Panificadora San José,2024-12-23 08:00:00
606,12,2,15.71,132.19,Lácteos del Valle,2024-12-23 08:00:00
607,13,2,512.48,1.83,Insumos Generales Toluca,2024-12-23 08:00:00
608,14,2,39.76,57.75,Insumos Generales Toluca,2024-12-23 08:00:00
609,15,2,2985.33,1.2,Empaques y Desechables MX,2024-12-23 08:00:00
610,16,2,2944.02,1.48,Empaques y Desechables MX,2024-12-23 08:00:00
611,17,2,2812.58,0.81,Empaques y Desechables MX,2024-12-23 08:00:00
612,18,2,42.03,21.12,Insumos Generales Toluca,2024-12-23 08:00:00
613,1,1,22.9,227.59,Café Origen SA,2024-12-30 08:00:00
614,2,1,368.09,25.5,Lácteos del Valle,2024-12-30 08:00:00
615,3,1,55.47,44.82,Lácteos del Valle,2024-12-30 08:00:00
616,4,1,3711.47,0.35,Distribuidora Sabores MX,2024-12-30 08:00:00
617,5,1,3274.05,0.36,Distribuidora Sabores MX,2024-12-30 08:00:00
618,6,1,12.78,173.84,Distribuidora Sabores MX,2024-12-30 08:00:00
619,7,1,146.92,6.07,Insumos Generales Toluca,2024-12-30 08:00:00
620,8,1,469.64,4.58,Panificadora San José,2024-12-30 08:00:00
621,9,1,21.65,151.38,Carnes Selectas,2024-12-30 08:00:00
622,10,1,19.48,154.72,Lácteos del Valle,2024-12-30 08:00:00
623,11,1,216.46,12.65,Panificadora San José,2024-12-30 08:00:00
624,12,1,18.6,134.72,Lácteos del Valle,2024-12-30 08:00:00
625,13,1,528.92,1.93,Insumos Generales Toluca,2024-12-30 08:00:00
626,14,1,28.81,55.27,Insumos Generales Toluca,2024-12-30 08:00:00
627,15,1,3427.97,1.25,Empaques y Desechables MX,2024-12-30 08:00:00
628,16,1,3343.3,1.49,Empaques y Desechables MX,2024-12-30 08:00:00
629,17,1,3035.79,0.81,Empaques y Desechables MX,2024-12-30 08:00:00
630,18,1,43.08,21.44,Insumos Generales Toluca,2024-12-30 08:00:00
631,1,2,23.48,223.3,Café Origen SA,2024-12-30 08:00:00
632,2,2,313.3,24.48,Lácteos del Valle,2024-12-30 08:00:00
633,3,2,54.42,45.94,Lácteos del Valle,2024-12-30 08:00:00
634,4,2,4485.55,0.35,Distribuidora Sabores MX,2024-12-30 08:00:00
635,5,2,3954.25,0.37,Distribuidora Sabores MX,2024-12-30 08:00:00
636,6,2,15.69,176.89,Distribuidora Sabores MX,2024-12-30 08:00:00
637,7,2,266.57,6.24,Insumos Generales Toluca,2024-12-30 08:00:00
638,8,2,453.56,4.66,Panificadora San José,2024-12-30 08:00:00
639,9,2,31.17,149.11,Carnes Selectas,2024-12-30 08:00:00
640,10,2,17.73,173.63,Lácteos del Valle,2024-12-30 08:00:00
641,11,2,298.76,12.23,Panificadora San José,2024-12-30 08:00:00
642,12,2,15.03,130.96,Lácteos del Valle,2024-12-30 08:00:00
643,13,2,640.0,1.87,Insumos Generales Toluca,2024-12-30 08:00:00
644,14,2,42.39,54.22,Insumos Generales Toluca,2024-12-30 08:00:00
645,15,2,2245.18,1.22,Empaques y Desechables MX,2024-12-30 08:00:00
646,16,2,2798.68,1.61,Empaques y Desechables MX,2024-12-30 08:00:00
647,17,2,3710.51,0.78,Empaques y Desechables MX,2024-12-30 08:00:00
648,18,2,44.75,22.96,Insumos Generales Toluca,2024-12-30 08:00:00
649,1,1,25.17,226.25,Café Origen SA,2025-01-06 08:00:00
650,2,1,261.18,25.67,Lácteos del Valle,2025-01-06 08:00:00
651,3,1,50.18,43.3,Lácteos del Valle,2025-01-06 08:00:00
652,4,1,3983.99,0.35,Distribuidora Sabores MX,2025-01-06 08:00:00
653,5,1,4615.27,0.36,Distribuidora Sabores MX,2025-01-06 08:00:00
654,6,1,12.76,186.91,Distribuidora Sabores MX,2025-01-06 08:00:00
655,7,1,227.05,6.12,Insumos Generales Toluca,2025-01-06 08:00:00
656,8,1,368.02,4.81,Panificadora San José,2025-01-06 08:00:00
657,9,1,23.81,139.52,Carnes Selectas,2025-01-06 08:00:00
658,10,1,19.7,160.38,Lácteos del Valle,2025-01-06 08:00:00
659,11,1,307.78,11.92,Panificadora San José,2025-01-06 08:00:00
660,12,1,14.23,135.49,Lácteos del Valle,2025-01-06 08:00:00
661,13,1,536.0,1.82,Insumos Generales Toluca,2025-01-06 08:00:00
662,14,1,41.59,59.04,Insumos Generales Toluca,2025-01-06 08:00:00
663,15,1,3023.3,1.24,Empaques y Desechables MX,2025-01-06 08:00:00
664,16,1,2865.96,1.5,Empaques y Desechables MX,2025-01-06 08:00:00
665,17,1,3413.66,0.87,Empaques y Desechables MX,2025-01-06 08:00:00
666,18,1,50.19,21.84,Insumos Generales Toluca,2025-01-06 08:00:00
667,1,2,22.21,230.37,Café Origen SA,2025-01-06 08:00:00
668,2,2,341.3,22.36,Lácteos del Valle,2025-01-06 08:00:00
669,3,2,50.43,50.39,Lácteos del Valle,2025-01-06 08:00:00
670,4,2,3729.16,0.34,Distribuidora Sabores MX,2025-01-06 08:00:00
671,5,2,3798.55,0.38,Distribuidora Sabores MX,2025-01-06 08:00:00
672,6,2,11.99,182.95,Distribuidora Sabores MX,2025-01-06 08:00:00
673,7,2,157.01,6.31,Insumos Generales Toluca,2025-01-06 08:00:00
674,8,2,478.11,5.06,Panificadora San José,2025-01-06 08:00:00
675,9,2,28.26,144.65,Carnes Selectas,2025-01-06 08:00:00
676,10,2,17.98,173.08,Lácteos del Valle,2025-01-06 08:00:00
677,11,2,262.47,11.3,Panificadora San José,2025-01-06 08:00:00
678,12,2,13.63,137.41,Lácteos del Valle,2025-01-06 08:00:00
679,13,2,379.07,1.81,Insumos Generales Toluca,2025-01-06 08:00:00
680,14,2,45.91,56.66,Insumos Generales Toluca,2025-01-06 08:00:00
681,15,2,2912.67,1.23,Empaques y Desechables MX,2025-01-06 08:00:00
682,16,2,3744.58,1.51,Empaques y Desechables MX,2025-01-06 08:00:00
683,17,2,3673.94,0.81,Empaques y Desechables MX,2025-01-06 08:00:00
684,18,2,50.77,23.16,Insumos Generales Toluca,2025-01-06 08:00:00
685,1,1,33.66,232.05,Café Origen SA,2025-01-13 08:00:00
686,2,1,334.5,24.11,Lácteos del Valle,2025-01-13 08:00:00
687,3,1,56.77,47.94,Lácteos del Valle,2025-01-13 08:00:00
688,4,1,3777.68,0.35,Distribuidora Sabores MX,2025-01-13 08:00:00
689,5,1,3986.5,0.37,Distribuidora Sabores MX,2025-01-13 08:00:00
690,6,1,12.72,192.29,Distribuidora Sabores MX,2025-01-13 08:00:00
691,7,1,238.56,6.08,Insumos Generales Toluca,2025-01-13 08:00:00
692,8,1,366.88,4.49,Panificadora San José,2025-01-13 08:00:00
693,9,1,22.2,159.6,Carnes Selectas,2025-01-13 08:00:00
694,10,1,24.1,162.62,Lácteos del Valle,2025-01-13 08:00:00
695,11,1,322.86,12.78,Panificadora San José,2025-01-13 08:00:00
696,12,1,14.34,135.62,Lácteos del Valle,2025-01-13 08:00:00
697,13,1,559.8,1.82,Insumos Generales Toluca,2025-01-13 08:00:00
698,14,1,29.59,55.84,Insumos Generales Toluca,2025-01-13 08:00:00
699,15,1,2767.21,1.29,Empaques y Desechables MX,2025-01-13 08:00:00
700,16,1,2968.48,1.52,Empaques y Desechables MX,2025-01-13 08:00:00
701,17,1,2532.18,0.85,Empaques y Desechables MX,2025-01-13 08:00:00
702,18,1,37.35,22.71,Insumos Generales Toluca,2025-01-13 08:00:00
703,1,2,18.72,206.74,Café Origen SA,2025-01-13 08:00:00
704,2,2,236.01,23.68,Lácteos del Valle,2025-01-13 08:00:00
705,3,2,60.83,45.0,Lácteos del Valle,2025-01-13 08:00:00
706,4,2,4594.39,0.37,Distribuidora Sabores MX,2025-01-13 08:00:00
707,5,2,5593.41,0.35,Distribuidora Sabores MX,2025-01-13 08:00:00
708,6,2,15.21,186.9,Distribuidora Sabores MX,2025-01-13 08:00:00
709,7,2,185.36,6.25,Insumos Generales Toluca,2025-01-13 08:00:00
710,8,2,356.25,4.8,Panificadora San José,2025-01-13 08:00:00
711,9,2,28.77,146.47,Carnes Selectas,2025-01-13 08:00:00
712,10,2,20.59,169.77,Lácteos del Valle,2025-01-13 08:00:00
713,11,2,364.17,12.39,Panificadora San José,2025-01-13 08:00:00
714,12,2,14.11,135.09,Lácteos del Valle,2025-01-13 08:00:00
715,13,2,474.06,1.75,Insumos Generales Toluca,2025-01-13 08:00:00
716,14,2,41.0,58.98,Insumos Generales Toluca,2025-01-13 08:00:00
717,15,2,2509.25,1.25,Empaques y Desechables MX,2025-01-13 08:00:00
718,16,2,3274.0,1.58,Empaques y Desechables MX,2025-01-13 08:00:00
719,17,2,3333.85,0.78,Empaques y Desechables MX,2025-01-13 08:00:00
720,18,2,40.85,21.62,Insumos Generales Toluca,2025-01-13 08:00:00
721,1,1,24.18,227.16,Café Origen SA,2025-01-20 08:00:00
722,2,1,244.34,24.84,Lácteos del Valle,2025-01-20 08:00:00
723,3,1,67.48,46.79,Lácteos del Valle,2025-01-20 08:00:00
724,4,1,4477.92,0.36,Distribuidora Sabores MX,2025-01-20 08:00:00
725,5,1,3025.54,0.38,Distribuidora Sabores MX,2025-01-20 08:00:00
726,6,1,16.61,190.96,Distribuidora Sabores MX,2025-01-20 08:00:00
727,7,1,185.71,6.78,Insumos Generales Toluca,2025-01-20 08:00:00
728,8,1,375.61,4.9,Panificadora San José,2025-01-20 08:00:00
729,9,1,28.15,140.52,Carnes Selectas,2025-01-20 08:00:00
730,10,1,18.63,168.55,Lácteos del Valle,2025-01-20 08:00:00
731,11,1,388.0,11.64,Panificadora San José,2025-01-20 08:00:00
732,12,1,16.62,134.76,Lácteos del Valle,2025-01-20 08:00:00
733,13,1,572.35,1.73,Insumos Generales Toluca,2025-01-20 08:00:00
734,14,1,41.6,57.68,Insumos Generales Toluca,2025-01-20 08:00:00
735,15,1,3134.55,1.2,Empaques y Desechables MX,2025-01-20 08:00:00
736,16,1,3481.77,1.56,Empaques y Desechables MX,2025-01-20 08:00:00
737,17,1,2133.65,0.89,Empaques y Desechables MX,2025-01-20 08:00:00
738,18,1,36.86,21.26,Insumos Generales Toluca,2025-01-20 08:00:00
739,1,2,22.15,215.92,Café Origen SA,2025-01-20 08:00:00
740,2,2,213.14,25.55,Lácteos del Valle,2025-01-20 08:00:00
741,3,2,57.22,46.42,Lácteos del Valle,2025-01-20 08:00:00
742,4,2,3606.21,0.36,Distribuidora Sabores MX,2025-01-20 08:00:00
743,5,2,3397.12,0.36,Distribuidora Sabores MX,2025-01-20 08:00:00
744,6,2,13.92,183.15,Distribuidora Sabores MX,2025-01-20 08:00:00
745,7,2,210.77,6.03,Insumos Generales Toluca,2025-01-20 08:00:00
746,8,2,385.4,4.66,Panificadora San José,2025-01-20 08:00:00
747,9,2,23.59,145.56,Carnes Selectas,2025-01-20 08:00:00
748,10,2,23.75,165.41,Lácteos del Valle,2025-01-20 08:00:00
749,11,2,358.22,12.05,Panificadora San José,2025-01-20 08:00:00
750,12,2,11.56,129.05,Lácteos del Valle,2025-01-20 08:00:00
751,13,2,584.38,1.9,Insumos Generales Toluca,2025-01-20 08:00:00
752,14,2,50.89,61.46,Insumos Generales Toluca,2025-01-20 08:00:00
753,15,2,4048.88,1.24,Empaques y Desechables MX,2025-01-20 08:00:00
754,16,2,3287.91,1.48,Empaques y Desechables MX,2025-01-20 08:00:00
755,17,2,3348.52,0.81,Empaques y Desechables MX,2025-01-20 08:00:00
756,18,2,29.96,24.11,Insumos Generales Toluca,2025-01-20 08:00:00
757,1,1,19.42,208.45,Café Origen SA,2025-01-27 08:00:00
758,2,1,340.6,24.16,Lácteos del Valle,2025-01-27 08:00:00
759,3,1,51.38,48.02,Lácteos del Valle,2025-01-27 08:00:00
760,4,1,4868.76,0.34,Distribuidora Sabores MX,2025-01-27 08:00:00
761,5,1,3482.38,0.35,Distribuidora Sabores MX,2025-01-27 08:00:00
762,6,1,15.42,187.92,Distribuidora Sabores MX,2025-01-27 08:00:00
763,7,1,217.8,6.12,Insumos Generales Toluca,2025-01-27 08:00:00
764,8,1,299.4,4.44,Panificadora San José,2025-01-27 08:00:00
765,9,1,23.91,147.93,Carnes Selectas,2025-01-27 08:00:00
766,10,1,20.93,162.97,Lácteos del Valle,2025-01-27 08:00:00
767,11,1,348.81,13.08,Panificadora San José,2025-01-27 08:00:00
768,12,1,16.52,132.22,Lácteos del Valle,2025-01-27 08:00:00
769,13,1,628.55,1.82,Insumos Generales Toluca,2025-01-27 08:00:00
770,14,1,44.85,55.28,Insumos Generales Toluca,2025-01-27 08:00:00
771,15,1,3251.79,1.15,Empaques y Desechables MX,2025-01-27 08:00:00
772,16,1,2814.77,1.55,Empaques y Desechables MX,2025-01-27 08:00:00
773,17,1,2652.85,0.78,Empaques y Desechables MX,2025-01-27 08:00:00
774,18,1,36.06,22.06,Insumos Generales Toluca,2025-01-27 08:00:00
775,1,2,27.9,222.0,Café Origen SA,2025-01-27 08:00:00
776,2,2,324.99,26.07,Lácteos del Valle,2025-01-27 08:00:00
777,3,2,71.52,47.74,Lácteos del Valle,2025-01-27 08:00:00
778,4,2,4632.99,0.35,Distribuidora Sabores MX,2025-01-27 08:00:00
779,5,2,4207.55,0.35,Distribuidora Sabores MX,2025-01-27 08:00:00
780,6,2,12.62,186.02,Distribuidora Sabores MX,2025-01-27 08:00:00
781,7,2,197.91,5.92,Insumos Generales Toluca,2025-01-27 08:00:00
782,8,2,346.5,4.89,Panificadora San José,2025-01-27 08:00:00
783,9,2,26.11,134.4,Carnes Selectas,2025-01-27 08:00:00
784,10,2,22.44,161.41,Lácteos del Valle,2025-01-27 08:00:00
785,11,2,220.97,11.51,Panificadora San José,2025-01-27 08:00:00
786,12,2,14.37,123.59,Lácteos del Valle,2025-01-27 08:00:00
787,13,2,548.41,1.85,Insumos Generales Toluca,2025-01-27 08:00:00
788,14,2,52.48,53.2,Insumos Generales Toluca,2025-01-27 08:00:00
789,15,2,3494.45,1.27,Empaques y Desechables MX,2025-01-27 08:00:00
790,16,2,3014.66,1.56,Empaques y Desechables MX,2025-01-27 08:00:00
791,17,2,2562.64,0.85,Empaques y Desechables MX,2025-01-27 08:00:00
792,18,2,26.9,23.76,Insumos Generales Toluca,2025-01-27 08:00:00
793,1,1,21.91,222.26,Café Origen SA,2025-02-03 08:00:00
794,2,1,344.09,25.61,Lácteos del Valle,2025-02-03 08:00:00
795,3,1,72.93,44.12,Lácteos del Valle,2025-02-03 08:00:00
796,4,1,3810.18,0.36,Distribuidora Sabores MX,2025-02-03 08:00:00
797,5,1,2772.93,0.37,Distribuidora Sabores MX,2025-02-03 08:00:00
798,6,1,15.83,184.89,Distribuidora Sabores MX,2025-02-03 08:00:00
799,7,1,148.27,5.98,Insumos Generales Toluca,2025-02-03 08:00:00
800,8,1,464.83,4.69,Panificadora San José,2025-02-03 08:00:00
801,9,1,21.39,141.7,Carnes Selectas,2025-02-03 08:00:00
802,10,1,19.15,156.7,Lácteos del Valle,2025-02-03 08:00:00
803,11,1,310.64,12.95,Panificadora San José,2025-02-03 08:00:00
804,12,1,12.01,133.92,Lácteos del Valle,2025-02-03 08:00:00
805,13,1,499.9,1.7,Insumos Generales Toluca,2025-02-03 08:00:00
806,14,1,44.4,53.32,Insumos Generales Toluca,2025-02-03 08:00:00
807,15,1,3104.69,1.23,Empaques y Desechables MX,2025-02-03 08:00:00
808,16,1,2509.51,1.44,Empaques y Desechables MX,2025-02-03 08:00:00
809,17,1,2659.47,0.84,Empaques y Desechables MX,2025-02-03 08:00:00
810,18,1,45.76,24.49,Insumos Generales Toluca,2025-02-03 08:00:00
811,1,2,27.06,221.23,Café Origen SA,2025-02-03 08:00:00
812,2,2,242.98,22.54,Lácteos del Valle,2025-02-03 08:00:00
813,3,2,55.24,43.34,Lácteos del Valle,2025-02-03 08:00:00
814,4,2,4531.3,0.38,Distribuidora Sabores MX,2025-02-03 08:00:00
815,5,2,4052.51,0.36,Distribuidora Sabores MX,2025-02-03 08:00:00
816,6,2,13.39,192.68,Distribuidora Sabores MX,2025-02-03 08:00:00
817,7,2,204.51,6.03,Insumos Generales Toluca,2025-02-03 08:00:00
818,8,2,422.15,4.97,Panificadora San José,2025-02-03 08:00:00
819,9,2,26.99,149.58,Carnes Selectas,2025-02-03 08:00:00
820,10,2,19.26,160.18,Lácteos del Valle,2025-02-03 08:00:00
821,11,2,321.35,12.24,Panificadora San José,2025-02-03 08:00:00
822,12,2,13.19,131.46,Lácteos del Valle,2025-02-03 08:00:00
823,13,2,408.12,1.88,Insumos Generales Toluca,2025-02-03 08:00:00
824,14,2,33.47,55.18,Insumos Generales Toluca,2025-02-03 08:00:00
825,15,2,3200.85,1.25,Empaques y Desechables MX,2025-02-03 08:00:00
826,16,2,3019.54,1.54,Empaques y Desechables MX,2025-02-03 08:00:00
827,17,2,2900.06,0.84,Empaques y Desechables MX,2025-02-03 08:00:00
828,18,2,31.14,22.93,Insumos Generales Toluca,2025-02-03 08:00:00
829,1,1,31.39,229.85,Café Origen SA,2025-02-10 08:00:00
830,2,1,358.71,23.36,Lácteos del Valle,2025-02-10 08:00:00
831,3,1,50.11,46.47,Lácteos del Valle,2025-02-10 08:00:00
832,4,1,3868.32,0.37,Distribuidora Sabores MX,2025-02-10 08:00:00
833,5,1,4389.7,0.33,Distribuidora Sabores MX,2025-02-10 08:00:00
834,6,1,14.3,197.41,Distribuidora Sabores MX,2025-02-10 08:00:00
835,7,1,184.39,6.56,Insumos Generales Toluca,2025-02-10 08:00:00
836,8,1,449.17,4.58,Panificadora San José,2025-02-10 08:00:00
837,9,1,24.4,143.4,Carnes Selectas,2025-02-10 08:00:00
838,10,1,21.41,162.49,Lácteos del Valle,2025-02-10 08:00:00
839,11,1,332.38,11.39,Panificadora San José,2025-02-10 08:00:00
840,12,1,11.3,138.36,Lácteos del Valle,2025-02-10 08:00:00
841,13,1,460.26,1.92,Insumos Generales Toluca,2025-02-10 08:00:00
842,14,1,50.56,57.52,Insumos Generales Toluca,2025-02-10 08:00:00
843,15,1,3457.94,1.13,Empaques y Desechables MX,2025-02-10 08:00:00
844,16,1,2056.37,1.54,Empaques y Desechables MX,2025-02-10 08:00:00
845,17,1,2099.09,0.79,Empaques y Desechables MX,2025-02-10 08:00:00
846,18,1,44.3,22.05,Insumos Generales Toluca,2025-02-10 08:00:00
847,1,2,20.25,233.91,Café Origen SA,2025-02-10 08:00:00
848,2,2,221.6,23.14,Lácteos del Valle,2025-02-10 08:00:00
849,3,2,65.71,45.91,Lácteos del Valle,2025-02-10 08:00:00
850,4,2,4251.87,0.33,Distribuidora Sabores MX,2025-02-10 08:00:00
851,5,2,3421.49,0.34,Distribuidora Sabores MX,2025-02-10 08:00:00
852,6,2,17.63,182.86,Distribuidora Sabores MX,2025-02-10 08:00:00
853,7,2,242.34,5.84,Insumos Generales Toluca,2025-02-10 08:00:00
854,8,2,327.07,4.44,Panificadora San José,2025-02-10 08:00:00
855,9,2,27.46,137.39,Carnes Selectas,2025-02-10 08:00:00
856,10,2,17.29,166.74,Lácteos del Valle,2025-02-10 08:00:00
857,11,2,363.78,12.02,Panificadora San José,2025-02-10 08:00:00
858,12,2,17.54,134.64,Lácteos del Valle,2025-02-10 08:00:00
859,13,2,373.43,1.81,Insumos Generales Toluca,2025-02-10 08:00:00
860,14,2,48.16,57.28,Insumos Generales Toluca,2025-02-10 08:00:00
861,15,2,2555.74,1.09,Empaques y Desechables MX,2025-02-10 08:00:00
862,16,2,2645.15,1.58,Empaques y Desechables MX,2025-02-10 08:00:00
863,17,2,2283.52,0.81,Empaques y Desechables MX,2025-02-10 08:00:00
864,18,2,29.9,23.16,Insumos Generales Toluca,2025-02-10 08:00:00
865,1,1,26.88,223.01,Café Origen SA,2025-02-17 08:00:00
866,2,1,250.52,24.63,Lácteos del Valle,2025-02-17 08:00:00
867,3,1,50.17,44.82,Lácteos del Valle,2025-02-17 08:00:00
868,4,1,4830.43,0.37,Distribuidora Sabores MX,2025-02-17 08:00:00
869,5,1,4996.63,0.37,Distribuidora Sabores MX,2025-02-17 08:00:00
870,6,1,16.55,189.11,Distribuidora Sabores MX,2025-02-17 08:00:00
871,7,1,205.83,5.83,Insumos Generales Toluca,2025-02-17 08:00:00
872,8,1,482.5,4.63,Panificadora San José,2025-02-17 08:00:00
873,9,1,24.94,149.83,Carnes Selectas,2025-02-17 08:00:00
874,10,1,13.65,171.94,Lácteos del Valle,2025-02-17 08:00:00
875,11,1,279.73,12.29,Panificadora San José,2025-02-17 08:00:00
876,12,1,17.71,144.18,Lácteos del Valle,2025-02-17 08:00:00
877,13,1,594.78,1.81,Insumos Generales Toluca,2025-02-17 08:00:00
878,14,1,34.44,55.72,Insumos Generales Toluca,2025-02-17 08:00:00
879,15,1,3135.07,1.23,Empaques y Desechables MX,2025-02-17 08:00:00
880,16,1,3032.74,1.53,Empaques y Desechables MX,2025-02-17 08:00:00
881,17,1,2952.83,0.86,Empaques y Desechables MX,2025-02-17 08:00:00
882,18,1,47.78,23.48,Insumos Generales Toluca,2025-02-17 08:00:00
883,1,2,31.11,225.22,Café Origen SA,2025-02-17 08:00:00
884,2,2,310.96,24.62,Lácteos del Valle,2025-02-17 08:00:00
885,3,2,70.03,45.18,Lácteos del Valle,2025-02-17 08:00:00
886,4,2,4913.08,0.37,Distribuidora Sabores MX,2025-02-17 08:00:00
887,5,2,3249.51,0.39,Distribuidora Sabores MX,2025-02-17 08:00:00
888,6,2,16.46,187.58,Distribuidora Sabores MX,2025-02-17 08:00:00
889,7,2,226.33,6.03,Insumos Generales Toluca,2025-02-17 08:00:00
890,8,2,397.7,4.69,Panificadora San José,2025-02-17 08:00:00
891,9,2,25.18,138.71,Carnes Selectas,2025-02-17 08:00:00
892,10,2,21.51,160.0,Lácteos del Valle,2025-02-17 08:00:00
893,11,2,312.85,12.62,Panificadora San José,2025-02-17 08:00:00
894,12,2,15.52,125.75,Lácteos del Valle,2025-02-17 08:00:00
895,13,2,698.71,1.83,Insumos Generales Toluca,2025-02-17 08:00:00
896,14,2,37.5,58.74,Insumos Generales Toluca,2025-02-17 08:00:00
897,15,2,2635.84,1.28,Empaques y Desechables MX,2025-02-17 08:00:00
898,16,2,3388.45,1.58,Empaques y Desechables MX,2025-02-17 08:00:00
899,17,2,3522.82,0.83,Empaques y Desechables MX,2025-02-17 08:00:00
900,18,2,34.75,23.87,Insumos Generales Toluca,2025-02-17 08:00:00
901,1,1,23.21,227.34,Café Origen SA,2025-02-24 08:00:00
902,2,1,214.58,24.2,Lácteos del Valle,2025-02-24 08:00:00
903,3,1,73.6,45.0,Lácteos del Valle,2025-02-24 08:00:00
904,4,1,3763.4,0.36,Distribuidora Sabores MX,2025-02-24 08:00:00
905,5,1,3703.88,0.38,Distribuidora Sabores MX,2025-02-24 08:00:00
906,6,1,17.51,195.9,Distribuidora Sabores MX,2025-02-24 08:00:00
907,7,1,174.93,6.3,Insumos Generales Toluca,2025-02-24 08:00:00
908,8,1,366.17,4.86,Panificadora San José,2025-02-24 08:00:00
909,9,1,30.45,139.81,Carnes Selectas,2025-02-24 08:00:00
910,10,1,17.77,164.98,Lácteos del Valle,2025-02-24 08:00:00
911,11,1,305.46,12.26,Panificadora San José,2025-02-24 08:00:00
912,12,1,14.21,137.47,Lácteos del Valle,2025-02-24 08:00:00
913,13,1,545.76,1.84,Insumos Generales Toluca,2025-02-24 08:00:00
914,14,1,31.97,57.5,Insumos Generales Toluca,2025-02-24 08:00:00
915,15,1,2734.36,1.2,Empaques y Desechables MX,2025-02-24 08:00:00
916,16,1,2478.43,1.61,Empaques y Desechables MX,2025-02-24 08:00:00
917,17,1,3371.53,0.79,Empaques y Desechables MX,2025-02-24 08:00:00
918,18,1,40.2,23.48,Insumos Generales Toluca,2025-02-24 08:00:00
919,1,2,23.77,224.09,Café Origen SA,2025-02-24 08:00:00
920,2,2,326.15,25.71,Lácteos del Valle,2025-02-24 08:00:00
921,3,2,56.77,45.36,Lácteos del Valle,2025-02-24 08:00:00
922,4,2,3371.84,0.36,Distribuidora Sabores MX,2025-02-24 08:00:00
923,5,2,3154.69,0.34,Distribuidora Sabores MX,2025-02-24 08:00:00
924,6,2,12.86,190.89,Distribuidora Sabores MX,2025-02-24 08:00:00
925,7,2,214.8,6.13,Insumos Generales Toluca,2025-02-24 08:00:00
926,8,2,480.98,4.42,Panificadora San José,2025-02-24 08:00:00
927,9,2,25.03,160.23,Carnes Selectas,2025-02-24 08:00:00
928,10,2,21.05,169.2,Lácteos del Valle,2025-02-24 08:00:00
929,11,2,327.22,12.89,Panificadora San José,2025-02-24 08:00:00
930,12,2,16.01,135.8,Lácteos del Valle,2025-02-24 08:00:00
931,13,2,610.83,1.94,Insumos Generales Toluca,2025-02-24 08:00:00
932,14,2,40.35,54.75,Insumos Generales Toluca,2025-02-24 08:00:00
933,15,2,3181.88,1.19,Empaques y Desechables MX,2025-02-24 08:00:00
934,16,2,2415.08,1.58,Empaques y Desechables MX,2025-02-24 08:00:00
935,17,2,2646.61,0.83,Empaques y Desechables MX,2025-02-24 08:00:00
936,18,2,46.34,21.38,Insumos Generales Toluca,2025-02-24 08:00:00
937,1,1,27.9,227.64,Café Origen SA,2025-03-03 08:00:00
938,2,1,322.94,25.98,Lácteos del Valle,2025-03-03 08:00:00
939,3,1,50.18,45.97,Lácteos del Valle,2025-03-03 08:00:00
940,4,1,4251.26,0.36,Distribuidora Sabores MX,2025-03-03 08:00:00
941,5,1,3721.18,0.35,Distribuidora Sabores MX,2025-03-03 08:00:00
942,6,1,16.49,196.19,Distribuidora Sabores MX,2025-03-03 08:00:00
943,7,1,164.11,6.21,Insumos Generales Toluca,2025-03-03 08:00:00
944,8,1,371.78,4.2,Panificadora San José,2025-03-03 08:00:00
945,9,1,33.8,144.49,Carnes Selectas,2025-03-03 08:00:00
946,10,1,20.17,170.54,Lácteos del Valle,2025-03-03 08:00:00
947,11,1,351.4,11.87,Panificadora San José,2025-03-03 08:00:00
948,12,1,13.63,137.4,Lácteos del Valle,2025-03-03 08:00:00
949,13,1,693.05,1.78,Insumos Generales Toluca,2025-03-03 08:00:00
950,14,1,37.69,55.37,Insumos Generales Toluca,2025-03-03 08:00:00
951,15,1,2875.17,1.28,Empaques y Desechables MX,2025-03-03 08:00:00
952,16,1,2813.44,1.54,Empaques y Desechables MX,2025-03-03 08:00:00
953,17,1,3107.99,0.85,Empaques y Desechables MX,2025-03-03 08:00:00
954,18,1,37.29,21.01,Insumos Generales Toluca,2025-03-03 08:00:00
955,1,2,21.46,223.22,Café Origen SA,2025-03-03 08:00:00
956,2,2,313.01,24.74,Lácteos del Valle,2025-03-03 08:00:00
957,3,2,57.02,46.85,Lácteos del Valle,2025-03-03 08:00:00
958,4,2,4202.95,0.38,Distribuidora Sabores MX,2025-03-03 08:00:00
959,5,2,4264.32,0.36,Distribuidora Sabores MX,2025-03-03 08:00:00
960,6,2,11.28,183.6,Distribuidora Sabores MX,2025-03-03 08:00:00
961,7,2,172.64,5.99,Insumos Generales Toluca,2025-03-03 08:00:00
962,8,2,411.08,4.95,Panificadora San José,2025-03-03 08:00:00
963,9,2,22.54,129.49,Carnes Selectas,2025-03-03 08:00:00
964,10,2,19.61,152.66,Lácteos del Valle,2025-03-03 08:00:00
965,11,2,298.08,13.03,Panificadora San José,2025-03-03 08:00:00
966,12,2,12.5,132.0,Lácteos del Valle,2025-03-03 08:00:00
967,13,2,493.84,1.89,Insumos Generales Toluca,2025-03-03 08:00:00
968,14,2,39.62,53.64,Insumos Generales Toluca,2025-03-03 08:00:00
969,15,2,3090.75,1.28,Empaques y Desechables MX,2025-03-03 08:00:00
970,16,2,3069.45,1.65,Empaques y Desechables MX,2025-03-03 08:00:00
971,17,2,3317.87,0.84,Empaques y Desechables MX,2025-03-03 08:00:00
972,18,2,46.31,24.09,Insumos Generales Toluca,2025-03-03 08:00:00
973,1,1,26.12,210.87,Café Origen SA,2025-03-10 08:00:00
974,2,1,318.76,24.67,Lácteos del Valle,2025-03-10 08:00:00
975,3,1,56.29,49.14,Lácteos del Valle,2025-03-10 08:00:00
976,4,1,4269.68,0.35,Distribuidora Sabores MX,2025-03-10 08:00:00
977,5,1,4444.8,0.37,Distribuidora Sabores MX,2025-03-10 08:00:00
978,6,1,11.39,171.96,Distribuidora Sabores MX,2025-03-10 08:00:00
979,7,1,231.35,6.17,Insumos Generales Toluca,2025-03-10 08:00:00
980,8,1,468.62,5.03,Panificadora San José,2025-03-10 08:00:00
981,9,1,26.12,145.42,Carnes Selectas,2025-03-10 08:00:00
982,10,1,19.0,165.7,Lácteos del Valle,2025-03-10 08:00:00
983,11,1,249.88,12.56,Panificadora San José,2025-03-10 08:00:00
984,12,1,11.85,131.53,Lácteos del Valle,2025-03-10 08:00:00
985,13,1,532.81,1.86,Insumos Generales Toluca,2025-03-10 08:00:00
986,14,1,45.9,55.44,Insumos Generales Toluca,2025-03-10 08:00:00
987,15,1,3004.68,1.28,Empaques y Desechables MX,2025-03-10 08:00:00
988,16,1,3263.0,1.75,Empaques y Desechables MX,2025-03-10 08:00:00
989,17,1,3509.09,0.84,Empaques y Desechables MX,2025-03-10 08:00:00
990,18,1,29.34,23.27,Insumos Generales Toluca,2025-03-10 08:00:00
991,1,2,23.28,221.73,Café Origen SA,2025-03-10 08:00:00
992,2,2,380.58,24.48,Lácteos del Valle,2025-03-10 08:00:00
993,3,2,53.24,49.33,Lácteos del Valle,2025-03-10 08:00:00
994,4,2,3858.12,0.37,Distribuidora Sabores MX,2025-03-10 08:00:00
995,5,2,3914.02,0.36,Distribuidora Sabores MX,2025-03-10 08:00:00
996,6,2,17.43,186.02,Distribuidora Sabores MX,2025-03-10 08:00:00
997,7,2,213.27,6.08,Insumos Generales Toluca,2025-03-10 08:00:00
998,8,2,476.86,4.43,Panificadora San José,2025-03-10 08:00:00
999,9,2,23.78,130.26,Carnes Selectas,2025-03-10 08:00:00
1000,10,2,17.54,171.95,Lácteos del Valle,2025-03-10 08:00:00
1001,11,2,262.98,12.16,Panificadora San José,2025-03-10 08:00:00
1002,12,2,15.2,131.78,Lácteos del Valle,2025-03-10 08:00:00
1003,13,2,504.3,1.87,Insumos Generales Toluca,2025-03-10 08:00:00
1004,14,2,44.8,56.87,Insumos Generales Toluca,2025-03-10 08:00:00
1005,15,2,2364.99,1.2,Empaques y Desechables MX,2025-03-10 08:00:00
1006,16,2,3373.46,1.55,Empaques y Desechables MX,2025-03-10 08:00:00
1007,17,2,3643.51,0.81,Empaques y Desechables MX,2025-03-10 08:00:00
1008,18,2,35.42,23.0,Insumos Generales Toluca,2025-03-10 08:00:00
1009,1,1,24.81,209.28,Café Origen SA,2025-03-17 08:00:00
1010,2,1,284.59,24.63,Lácteos del Valle,2025-03-17 08:00:00
1011,3,1,67.16,46.91,Lácteos del Valle,2025-03-17 08:00:00
1012,4,1,4526.48,0.35,Distribuidora Sabores MX,2025-03-17 08:00:00
1013,5,1,5003.05,0.37,Distribuidora Sabores MX,2025-03-17 08:00:00
1014,6,1,11.61,192.51,Distribuidora Sabores MX,2025-03-17 08:00:00
1015,7,1,217.1,6.12,Insumos Generales Toluca,2025-03-17 08:00:00
1016,8,1,515.44,4.43,Panificadora San José,2025-03-17 08:00:00
1017,9,1,29.43,143.32,Carnes Selectas,2025-03-17 08:00:00
1018,10,1,15.55,158.84,Lácteos del Valle,2025-03-17 08:00:00
1019,11,1,230.07,12.66,Panificadora San José,2025-03-17 08:00:00
1020,12,1,16.18,130.38,Lácteos del Valle,2025-03-17 08:00:00
1021,13,1,371.2,1.75,Insumos Generales Toluca,2025-03-17 08:00:00
1022,14,1,42.67,52.42,Insumos Generales Toluca,2025-03-17 08:00:00
1023,15,1,2193.12,1.24,Empaques y Desechables MX,2025-03-17 08:00:00
1024,16,1,3225.26,1.55,Empaques y Desechables MX,2025-03-17 08:00:00
1025,17,1,3242.75,0.82,Empaques y Desechables MX,2025-03-17 08:00:00
1026,18,1,45.33,21.76,Insumos Generales Toluca,2025-03-17 08:00:00
1027,1,2,31.73,234.34,Café Origen SA,2025-03-17 08:00:00
1028,2,2,397.86,23.78,Lácteos del Valle,2025-03-17 08:00:00
1029,3,2,54.4,45.46,Lácteos del Valle,2025-03-17 08:00:00
1030,4,2,3159.74,0.37,Distribuidora Sabores MX,2025-03-17 08:00:00
1031,5,2,3035.88,0.35,Distribuidora Sabores MX,2025-03-17 08:00:00
1032,6,2,17.4,190.66,Distribuidora Sabores MX,2025-03-17 08:00:00
1033,7,2,219.66,6.02,Insumos Generales Toluca,2025-03-17 08:00:00
1034,8,2,409.61,4.58,Panificadora San José,2025-03-17 08:00:00
1035,9,2,23.05,154.03,Carnes Selectas,2025-03-17 08:00:00
1036,10,2,15.55,167.89,Lácteos del Valle,2025-03-17 08:00:00
1037,11,2,315.06,12.65,Panificadora San José,2025-03-17 08:00:00
1038,12,2,13.01,135.85,Lácteos del Valle,2025-03-17 08:00:00
1039,13,2,491.2,1.86,Insumos Generales Toluca,2025-03-17 08:00:00
1040,14,2,43.39,57.63,Insumos Generales Toluca,2025-03-17 08:00:00
1041,15,2,3086.56,1.21,Empaques y Desechables MX,2025-03-17 08:00:00
1042,16,2,3114.74,1.6,Empaques y Desechables MX,2025-03-17 08:00:00
1043,17,2,2818.67,0.8,Empaques y Desechables MX,2025-03-17 08:00:00
1044,18,2,32.89,22.75,Insumos Generales Toluca,2025-03-17 08:00:00
1045,1,1,19.51,255.95,Café Origen SA,2025-03-24 08:00:00
1046,2,1,278.13,24.35,Lácteos del Valle,2025-03-24 08:00:00
1047,3,1,54.16,47.93,Lácteos del Valle,2025-03-24 08:00:00
1048,4,1,4163.04,0.36,Distribuidora Sabores MX,2025-03-24 08:00:00
1049,5,1,4660.87,0.37,Distribuidora Sabores MX,2025-03-24 08:00:00
1050,6,1,11.17,183.9,Distribuidora Sabores MX,2025-03-24 08:00:00
1051,7,1,233.94,6.02,Insumos Generales Toluca,2025-03-24 08:00:00
1052,8,1,387.06,4.73,Panificadora San José,2025-03-24 08:00:00
1053,9,1,20.52,145.91,Carnes Selectas,2025-03-24 08:00:00
1054,10,1,20.47,168.93,Lácteos del Valle,2025-03-24 08:00:00
1055,11,1,274.05,12.97,Panificadora San José,2025-03-24 08:00:00
1056,12,1,12.8,128.24,Lácteos del Valle,2025-03-24 08:00:00
1057,13,1,491.25,1.81,Insumos Generales Toluca,2025-03-24 08:00:00
1058,14,1,51.03,55.58,Insumos Generales Toluca,2025-03-24 08:00:00
1059,15,1,3555.82,1.24,Empaques y Desechables MX,2025-03-24 08:00:00
1060,16,1,2325.99,1.5,Empaques y Desechables MX,2025-03-24 08:00:00
1061,17,1,2864.92,0.86,Empaques y Desechables MX,2025-03-24 08:00:00
1062,18,1,38.52,22.37,Insumos Generales Toluca,2025-03-24 08:00:00
1063,1,2,21.89,221.66,Café Origen SA,2025-03-24 08:00:00
1064,2,2,320.49,25.79,Lácteos del Valle,2025-03-24 08:00:00
1065,3,2,66.04,48.33,Lácteos del Valle,2025-03-24 08:00:00
1066,4,2,3087.1,0.36,Distribuidora Sabores MX,2025-03-24 08:00:00
1067,5,2,4671.32,0.39,Distribuidora Sabores MX,2025-03-24 08:00:00
1068,6,2,13.22,188.83,Distribuidora Sabores MX,2025-03-24 08:00:00
1069,7,2,188.04,6.4,Insumos Generales Toluca,2025-03-24 08:00:00
1070,8,2,473.55,4.41,Panificadora San José,2025-03-24 08:00:00
1071,9,2,27.81,143.21,Carnes Selectas,2025-03-24 08:00:00
1072,10,2,17.46,164.16,Lácteos del Valle,2025-03-24 08:00:00
1073,11,2,311.56,12.06,Panificadora San José,2025-03-24 08:00:00
1074,12,2,15.48,135.34,Lácteos del Valle,2025-03-24 08:00:00
1075,13,2,376.37,1.78,Insumos Generales Toluca,2025-03-24 08:00:00
1076,14,2,30.3,53.25,Insumos Generales Toluca,2025-03-24 08:00:00
1077,15,2,2550.94,1.21,Empaques y Desechables MX,2025-03-24 08:00:00
1078,16,2,2839.74,1.48,Empaques y Desechables MX,2025-03-24 08:00:00
1079,17,2,2886.19,0.82,Empaques y Desechables MX,2025-03-24 08:00:00
1080,18,2,44.05,23.06,Insumos Generales Toluca,2025-03-24 08:00:00
1081,1,1,19.33,226.29,Café Origen SA,2025-03-31 08:00:00
1082,2,1,304.34,25.68,Lácteos del Valle,2025-03-31 08:00:00
1083,3,1,42.02,45.85,Lácteos del Valle,2025-03-31 08:00:00
1084,4,1,4121.23,0.37,Distribuidora Sabores MX,2025-03-31 08:00:00
1085,5,1,4110.89,0.4,Distribuidora Sabores MX,2025-03-31 08:00:00
1086,6,1,17.54,194.46,Distribuidora Sabores MX,2025-03-31 08:00:00
1087,7,1,182.43,6.09,Insumos Generales Toluca,2025-03-31 08:00:00
1088,8,1,345.16,4.44,Panificadora San José,2025-03-31 08:00:00
1089,9,1,23.85,151.89,Carnes Selectas,2025-03-31 08:00:00
1090,10,1,19.47,157.03,Lácteos del Valle,2025-03-31 08:00:00
1091,11,1,346.36,13.04,Panificadora San José,2025-03-31 08:00:00
1092,12,1,16.27,130.75,Lácteos del Valle,2025-03-31 08:00:00
1093,13,1,467.22,1.99,Insumos Generales Toluca,2025-03-31 08:00:00
1094,14,1,43.91,56.9,Insumos Generales Toluca,2025-03-31 08:00:00
1095,15,1,2323.66,1.24,Empaques y Desechables MX,2025-03-31 08:00:00
1096,16,1,2663.3,1.6,Empaques y Desechables MX,2025-03-31 08:00:00
1097,17,1,3208.26,0.86,Empaques y Desechables MX,2025-03-31 08:00:00
1098,18,1,37.82,20.5,Insumos Generales Toluca,2025-03-31 08:00:00
1099,1,2,19.74,224.21,Café Origen SA,2025-03-31 08:00:00
1100,2,2,329.16,24.67,Lácteos del Valle,2025-03-31 08:00:00
1101,3,2,60.13,48.03,Lácteos del Valle,2025-03-31 08:00:00
1102,4,2,3654.9,0.35,Distribuidora Sabores MX,2025-03-31 08:00:00
1103,5,2,3950.91,0.34,Distribuidora Sabores MX,2025-03-31 08:00:00
1104,6,2,10.85,177.89,Distribuidora Sabores MX,2025-03-31 08:00:00
1105,7,2,201.82,5.91,Insumos Generales Toluca,2025-03-31 08:00:00
1106,8,2,422.91,4.86,Panificadora San José,2025-03-31 08:00:00
1107,9,2,24.66,144.35,Carnes Selectas,2025-03-31 08:00:00
1108,10,2,17.13,159.25,Lácteos del Valle,2025-03-31 08:00:00
1109,11,2,307.52,11.53,Panificadora San José,2025-03-31 08:00:00
1110,12,2,12.07,136.22,Lácteos del Valle,2025-03-31 08:00:00
1111,13,2,497.19,1.86,Insumos Generales Toluca,2025-03-31 08:00:00
1112,14,2,39.94,58.23,Insumos Generales Toluca,2025-03-31 08:00:00
1113,15,2,2472.6,1.32,Empaques y Desechables MX,2025-03-31 08:00:00
1114,16,2,4409.81,1.51,Empaques y Desechables MX,2025-03-31 08:00:00
1115,17,2,2813.41,0.78,Empaques y Desechables MX,2025-03-31 08:00:00
1116,18,2,43.34,24.17,Insumos Generales Toluca,2025-03-31 08:00:00
1117,1,1,26.39,238.82,Café Origen SA,2025-04-07 08:00:00
1118,2,1,297.37,26.04,Lácteos del Valle,2025-04-07 08:00:00
1119,3,1,61.77,45.07,Lácteos del Valle,2025-04-07 08:00:00
1120,4,1,4266.41,0.37,Distribuidora Sabores MX,2025-04-07 08:00:00
1121,5,1,3975.07,0.39,Distribuidora Sabores MX,2025-04-07 08:00:00
1122,6,1,16.92,188.48,Distribuidora Sabores MX,2025-04-07 08:00:00
1123,7,1,213.65,6.32,Insumos Generales Toluca,2025-04-07 08:00:00
1124,8,1,460.02,4.95,Panificadora San José,2025-04-07 08:00:00
1125,9,1,26.26,143.69,Carnes Selectas,2025-04-07 08:00:00
1126,10,1,20.85,172.97,Lácteos del Valle,2025-04-07 08:00:00
1127,11,1,317.07,13.46,Panificadora San José,2025-04-07 08:00:00
1128,12,1,13.1,125.08,Lácteos del Valle,2025-04-07 08:00:00
1129,13,1,600.12,1.75,Insumos Generales Toluca,2025-04-07 08:00:00
1130,14,1,38.92,54.93,Insumos Generales Toluca,2025-04-07 08:00:00
1131,15,1,2685.42,1.3,Empaques y Desechables MX,2025-04-07 08:00:00
1132,16,1,3056.65,1.54,Empaques y Desechables MX,2025-04-07 08:00:00
1133,17,1,2233.52,0.82,Empaques y Desechables MX,2025-04-07 08:00:00
1134,18,1,35.63,23.63,Insumos Generales Toluca,2025-04-07 08:00:00
1135,1,2,22.36,233.04,Café Origen SA,2025-04-07 08:00:00
1136,2,2,353.12,24.46,Lácteos del Valle,2025-04-07 08:00:00
1137,3,2,48.03,42.55,Lácteos del Valle,2025-04-07 08:00:00
1138,4,2,4724.63,0.38,Distribuidora Sabores MX,2025-04-07 08:00:00
1139,5,2,3880.86,0.35,Distribuidora Sabores MX,2025-04-07 08:00:00
1140,6,2,12.8,190.63,Distribuidora Sabores MX,2025-04-07 08:00:00
1141,7,2,230.56,6.26,Insumos Generales Toluca,2025-04-07 08:00:00
1142,8,2,420.78,4.49,Panificadora San José,2025-04-07 08:00:00
1143,9,2,23.47,140.88,Carnes Selectas,2025-04-07 08:00:00
1144,10,2,19.76,173.33,Lácteos del Valle,2025-04-07 08:00:00
1145,11,2,327.57,12.2,Panificadora San José,2025-04-07 08:00:00
1146,12,2,17.8,132.61,Lácteos del Valle,2025-04-07 08:00:00
1147,13,2,431.34,1.9,Insumos Generales Toluca,2025-04-07 08:00:00
1148,14,2,47.99,56.53,Insumos Generales Toluca,2025-04-07 08:00:00
1149,15,2,2920.05,1.3,Empaques y Desechables MX,2025-04-07 08:00:00
1150,16,2,2906.56,1.52,Empaques y Desechables MX,2025-04-07 08:00:00
1151,17,2,3426.44,0.79,Empaques y Desechables MX,2025-04-07 08:00:00
1152,18,2,37.95,23.01,Insumos Generales Toluca,2025-04-07 08:00:00
1153,1,1,23.97,233.92,Café Origen SA,2025-04-14 08:00:00
1154,2,1,232.84,24.3,Lácteos del Valle,2025-04-14 08:00:00
1155,3,1,55.44,46.81,Lácteos del Valle,2025-04-14 08:00:00
1156,4,1,4914.79,0.35,Distribuidora Sabores MX,2025-04-14 08:00:00
1157,5,1,3955.02,0.34,Distribuidora Sabores MX,2025-04-14 08:00:00
1158,6,1,15.52,179.41,Distribuidora Sabores MX,2025-04-14 08:00:00
1159,7,1,147.37,6.23,Insumos Generales Toluca,2025-04-14 08:00:00
1160,8,1,428.26,4.49,Panificadora San José,2025-04-14 08:00:00
1161,9,1,24.57,147.49,Carnes Selectas,2025-04-14 08:00:00
1162,10,1,20.16,164.71,Lácteos del Valle,2025-04-14 08:00:00
1163,11,1,286.93,12.53,Panificadora San José,2025-04-14 08:00:00
1164,12,1,16.44,139.27,Lácteos del Valle,2025-04-14 08:00:00
1165,13,1,451.25,1.91,Insumos Generales Toluca,2025-04-14 08:00:00
1166,14,1,41.69,56.6,Insumos Generales Toluca,2025-04-14 08:00:00
1167,15,1,3161.47,1.27,Empaques y Desechables MX,2025-04-14 08:00:00
1168,16,1,2828.99,1.63,Empaques y Desechables MX,2025-04-14 08:00:00
1169,17,1,3644.11,0.86,Empaques y Desechables MX,2025-04-14 08:00:00
1170,18,1,42.44,22.19,Insumos Generales Toluca,2025-04-14 08:00:00
1171,1,2,28.81,223.85,Café Origen SA,2025-04-14 08:00:00
1172,2,2,314.24,24.87,Lácteos del Valle,2025-04-14 08:00:00
1173,3,2,58.26,48.15,Lácteos del Valle,2025-04-14 08:00:00
1174,4,2,4674.77,0.4,Distribuidora Sabores MX,2025-04-14 08:00:00
1175,5,2,3901.4,0.34,Distribuidora Sabores MX,2025-04-14 08:00:00
1176,6,2,15.17,197.41,Distribuidora Sabores MX,2025-04-14 08:00:00
1177,7,2,198.16,6.02,Insumos Generales Toluca,2025-04-14 08:00:00
1178,8,2,306.1,4.74,Panificadora San José,2025-04-14 08:00:00
1179,9,2,24.81,154.22,Carnes Selectas,2025-04-14 08:00:00
1180,10,2,23.66,165.4,Lácteos del Valle,2025-04-14 08:00:00
1181,11,2,280.96,12.9,Panificadora San José,2025-04-14 08:00:00
1182,12,2,18.07,132.92,Lácteos del Valle,2025-04-14 08:00:00
1183,13,2,547.23,1.87,Insumos Generales Toluca,2025-04-14 08:00:00
1184,14,2,41.86,56.53,Insumos Generales Toluca,2025-04-14 08:00:00
1185,15,2,2922.68,1.17,Empaques y Desechables MX,2025-04-14 08:00:00
1186,16,2,2093.24,1.61,Empaques y Desechables MX,2025-04-14 08:00:00
1187,17,2,3453.45,0.83,Empaques y Desechables MX,2025-04-14 08:00:00
1188,18,2,39.89,22.19,Insumos Generales Toluca,2025-04-14 08:00:00
1189,1,1,28.8,215.94,Café Origen SA,2025-04-21 08:00:00
1190,2,1,359.49,24.91,Lácteos del Valle,2025-04-21 08:00:00
1191,3,1,49.93,46.93,Lácteos del Valle,2025-04-21 08:00:00
1192,4,1,4857.94,0.33,Distribuidora Sabores MX,2025-04-21 08:00:00
1193,5,1,4444.63,0.33,Distribuidora Sabores MX,2025-04-21 08:00:00
1194,6,1,12.21,181.34,Distribuidora Sabores MX,2025-04-21 08:00:00
1195,7,1,237.34,6.05,Insumos Generales Toluca,2025-04-21 08:00:00
1196,8,1,406.45,4.56,Panificadora San José,2025-04-21 08:00:00
1197,9,1,28.14,154.68,Carnes Selectas,2025-04-21 08:00:00
1198,10,1,21.74,151.88,Lácteos del Valle,2025-04-21 08:00:00
1199,11,1,244.75,12.2,Panificadora San José,2025-04-21 08:00:00
1200,12,1,13.36,133.73,Lácteos del Valle,2025-04-21 08:00:00
1201,13,1,485.62,1.86,Insumos Generales Toluca,2025-04-21 08:00:00
1202,14,1,39.6,57.38,Insumos Generales Toluca,2025-04-21 08:00:00
1203,15,1,3006.84,1.27,Empaques y Desechables MX,2025-04-21 08:00:00
1204,16,1,3399.13,1.56,Empaques y Desechables MX,2025-04-21 08:00:00
1205,17,1,2456.35,0.82,Empaques y Desechables MX,2025-04-21 08:00:00
1206,18,1,35.85,23.33,Insumos Generales Toluca,2025-04-21 08:00:00
1207,1,2,25.51,234.43,Café Origen SA,2025-04-21 08:00:00
1208,2,2,286.28,22.99,Lácteos del Valle,2025-04-21 08:00:00
1209,3,2,65.41,46.17,Lácteos del Valle,2025-04-21 08:00:00
1210,4,2,4128.54,0.39,Distribuidora Sabores MX,2025-04-21 08:00:00
1211,5,2,3111.91,0.37,Distribuidora Sabores MX,2025-04-21 08:00:00
1212,6,2,14.73,184.12,Distribuidora Sabores MX,2025-04-21 08:00:00
1213,7,2,159.85,6.05,Insumos Generales Toluca,2025-04-21 08:00:00
1214,8,2,448.05,4.58,Panificadora San José,2025-04-21 08:00:00
1215,9,2,19.58,136.38,Carnes Selectas,2025-04-21 08:00:00
1216,10,2,20.76,179.85,Lácteos del Valle,2025-04-21 08:00:00
1217,11,2,335.24,12.83,Panificadora San José,2025-04-21 08:00:00
1218,12,2,18.32,139.16,Lácteos del Valle,2025-04-21 08:00:00
1219,13,2,524.26,1.75,Insumos Generales Toluca,2025-04-21 08:00:00
1220,14,2,58.67,56.69,Insumos Generales Toluca,2025-04-21 08:00:00
1221,15,2,3286.7,1.18,Empaques y Desechables MX,2025-04-21 08:00:00
1222,16,2,3429.16,1.55,Empaques y Desechables MX,2025-04-21 08:00:00
1223,17,2,3003.53,0.83,Empaques y Desechables MX,2025-04-21 08:00:00
1224,18,2,34.14,21.26,Insumos Generales Toluca,2025-04-21 08:00:00
1225,1,1,30.08,227.66,Café Origen SA,2025-04-28 08:00:00
1226,2,1,323.47,24.45,Lácteos del Valle,2025-04-28 08:00:00
1227,3,1,62.04,45.82,Lácteos del Valle,2025-04-28 08:00:00
1228,4,1,4541.37,0.36,Distribuidora Sabores MX,2025-04-28 08:00:00
1229,5,1,3863.24,0.37,Distribuidora Sabores MX,2025-04-28 08:00:00
1230,6,1,13.92,192.1,Distribuidora Sabores MX,2025-04-28 08:00:00
1231,7,1,156.57,6.1,Insumos Generales Toluca,2025-04-28 08:00:00
1232,8,1,470.0,4.64,Panificadora San José,2025-04-28 08:00:00
1233,9,1,27.72,140.99,Carnes Selectas,2025-04-28 08:00:00
1234,10,1,25.85,169.05,Lácteos del Valle,2025-04-28 08:00:00
1235,11,1,244.5,12.16,Panificadora San José,2025-04-28 08:00:00
1236,12,1,12.39,136.38,Lácteos del Valle,2025-04-28 08:00:00
1237,13,1,353.64,1.91,Insumos Generales Toluca,2025-04-28 08:00:00
1238,14,1,47.79,58.22,Insumos Generales Toluca,2025-04-28 08:00:00
1239,15,1,2495.98,1.19,Empaques y Desechables MX,2025-04-28 08:00:00
1240,16,1,2439.56,1.59,Empaques y Desechables MX,2025-04-28 08:00:00
1241,17,1,2790.61,0.88,Empaques y Desechables MX,2025-04-28 08:00:00
1242,18,1,43.1,24.66,Insumos Generales Toluca,2025-04-28 08:00:00
1243,1,2,21.27,213.39,Café Origen SA,2025-04-28 08:00:00
1244,2,2,260.98,24.02,Lácteos del Valle,2025-04-28 08:00:00
1245,3,2,58.95,45.56,Lácteos del Valle,2025-04-28 08:00:00
1246,4,2,4571.37,0.37,Distribuidora Sabores MX,2025-04-28 08:00:00
1247,5,2,3807.25,0.37,Distribuidora Sabores MX,2025-04-28 08:00:00
1248,6,2,17.82,189.32,Distribuidora Sabores MX,2025-04-28 08:00:00
1249,7,2,238.97,6.41,Insumos Generales Toluca,2025-04-28 08:00:00
1250,8,2,420.99,4.74,Panificadora San José,2025-04-28 08:00:00
1251,9,2,18.48,144.82,Carnes Selectas,2025-04-28 08:00:00
1252,10,2,20.33,172.03,Lácteos del Valle,2025-04-28 08:00:00
1253,11,2,219.94,12.58,Panificadora San José,2025-04-28 08:00:00
1254,12,2,18.61,136.78,Lácteos del Valle,2025-04-28 08:00:00
1255,13,2,567.58,1.97,Insumos Generales Toluca,2025-04-28 08:00:00
1256,14,2,42.93,56.11,Insumos Generales Toluca,2025-04-28 08:00:00
1257,15,2,2656.38,1.29,Empaques y Desechables MX,2025-04-28 08:00:00
1258,16,2,3177.15,1.51,Empaques y Desechables MX,2025-04-28 08:00:00
1259,17,2,3072.15,0.86,Empaques y Desechables MX,2025-04-28 08:00:00
1260,18,2,39.35,23.29,Insumos Generales Toluca,2025-04-28 08:00:00
1261,1,1,17.74,232.99,Café Origen SA,2025-05-05 08:00:00
1262,2,1,316.77,23.89,Lácteos del Valle,2025-05-05 08:00:00
1263,3,1,52.08,49.25,Lácteos del Valle,2025-05-05 08:00:00
1264,4,1,4626.71,0.34,Distribuidora Sabores MX,2025-05-05 08:00:00
1265,5,1,4553.2,0.38,Distribuidora Sabores MX,2025-05-05 08:00:00
1266,6,1,16.02,192.48,Distribuidora Sabores MX,2025-05-05 08:00:00
1267,7,1,200.77,6.2,Insumos Generales Toluca,2025-05-05 08:00:00
1268,8,1,340.56,4.28,Panificadora San José,2025-05-05 08:00:00
1269,9,1,27.0,133.47,Carnes Selectas,2025-05-05 08:00:00
1270,10,1,18.34,160.63,Lácteos del Valle,2025-05-05 08:00:00
1271,11,1,306.43,11.67,Panificadora San José,2025-05-05 08:00:00
1272,12,1,15.11,137.46,Lácteos del Valle,2025-05-05 08:00:00
1273,13,1,499.81,1.92,Insumos Generales Toluca,2025-05-05 08:00:00
1274,14,1,30.5,57.13,Insumos Generales Toluca,2025-05-05 08:00:00
1275,15,1,2905.98,1.17,Empaques y Desechables MX,2025-05-05 08:00:00
1276,16,1,3147.83,1.66,Empaques y Desechables MX,2025-05-05 08:00:00
1277,17,1,3011.59,0.89,Empaques y Desechables MX,2025-05-05 08:00:00
1278,18,1,34.69,23.87,Insumos Generales Toluca,2025-05-05 08:00:00
1279,1,2,25.97,234.84,Café Origen SA,2025-05-05 08:00:00
1280,2,2,250.62,26.19,Lácteos del Valle,2025-05-05 08:00:00
1281,3,2,45.98,45.97,Lácteos del Valle,2025-05-05 08:00:00
1282,4,2,4963.71,0.37,Distribuidora Sabores MX,2025-05-05 08:00:00
1283,5,2,3683.43,0.36,Distribuidora Sabores MX,2025-05-05 08:00:00
1284,6,2,14.68,183.21,Distribuidora Sabores MX,2025-05-05 08:00:00
1285,7,2,233.58,6.49,Insumos Generales Toluca,2025-05-05 08:00:00
1286,8,2,383.91,4.94,Panificadora San José,2025-05-05 08:00:00
1287,9,2,21.32,145.47,Carnes Selectas,2025-05-05 08:00:00
1288,10,2,22.03,168.74,Lácteos del Valle,2025-05-05 08:00:00
1289,11,2,277.48,12.89,Panificadora San José,2025-05-05 08:00:00
1290,12,2,10.43,131.35,Lácteos del Valle,2025-05-05 08:00:00
1291,13,2,610.38,1.89,Insumos Generales Toluca,2025-05-05 08:00:00
1292,14,2,35.09,57.88,Insumos Generales Toluca,2025-05-05 08:00:00
1293,15,2,3037.61,1.25,Empaques y Desechables MX,2025-05-05 08:00:00
1294,16,2,3016.13,1.53,Empaques y Desechables MX,2025-05-05 08:00:00
1295,17,2,2864.62,0.79,Empaques y Desechables MX,2025-05-05 08:00:00
1296,18,2,54.78,21.94,Insumos Generales Toluca,2025-05-05 08:00:00
1297,1,1,18.66,225.61,Café Origen SA,2025-05-12 08:00:00
1298,2,1,264.88,23.64,Lácteos del Valle,2025-05-12 08:00:00
1299,3,1,65.69,47.4,Lácteos del Valle,2025-05-12 08:00:00
1300,4,1,4024.3,0.35,Distribuidora Sabores MX,2025-05-12 08:00:00
1301,5,1,4113.55,0.37,Distribuidora Sabores MX,2025-05-12 08:00:00
1302,6,1,13.48,185.82,Distribuidora Sabores MX,2025-05-12 08:00:00
1303,7,1,190.91,6.0,Insumos Generales Toluca,2025-05-12 08:00:00
1304,8,1,403.94,4.41,Panificadora San José,2025-05-12 08:00:00
1305,9,1,24.45,143.92,Carnes Selectas,2025-05-12 08:00:00
1306,10,1,16.73,176.11,Lácteos del Valle,2025-05-12 08:00:00
1307,11,1,340.15,12.28,Panificadora San José,2025-05-12 08:00:00
1308,12,1,12.93,135.09,Lácteos del Valle,2025-05-12 08:00:00
1309,13,1,522.06,1.82,Insumos Generales Toluca,2025-05-12 08:00:00
1310,14,1,47.51,59.12,Insumos Generales Toluca,2025-05-12 08:00:00
1311,15,1,3909.37,1.31,Empaques y Desechables MX,2025-05-12 08:00:00
1312,16,1,3215.48,1.5,Empaques y Desechables MX,2025-05-12 08:00:00
1313,17,1,2279.85,0.79,Empaques y Desechables MX,2025-05-12 08:00:00
1314,18,1,41.65,23.1,Insumos Generales Toluca,2025-05-12 08:00:00
1315,1,2,22.89,223.52,Café Origen SA,2025-05-12 08:00:00
1316,2,2,274.78,26.11,Lácteos del Valle,2025-05-12 08:00:00
1317,3,2,57.21,46.79,Lácteos del Valle,2025-05-12 08:00:00
1318,4,2,2964.34,0.37,Distribuidora Sabores MX,2025-05-12 08:00:00
1319,5,2,3795.32,0.37,Distribuidora Sabores MX,2025-05-12 08:00:00
1320,6,2,12.74,191.48,Distribuidora Sabores MX,2025-05-12 08:00:00
1321,7,2,173.53,6.04,Insumos Generales Toluca,2025-05-12 08:00:00
1322,8,2,310.22,4.92,Panificadora San José,2025-05-12 08:00:00
1323,9,2,21.91,142.52,Carnes Selectas,2025-05-12 08:00:00
1324,10,2,18.51,162.75,Lácteos del Valle,2025-05-12 08:00:00
1325,11,2,308.96,13.06,Panificadora San José,2025-05-12 08:00:00
1326,12,2,16.56,128.64,Lácteos del Valle,2025-05-12 08:00:00
1327,13,2,382.95,1.83,Insumos Generales Toluca,2025-05-12 08:00:00
1328,14,2,40.53,59.92,Insumos Generales Toluca,2025-05-12 08:00:00
1329,15,2,3573.05,1.35,Empaques y Desechables MX,2025-05-12 08:00:00
1330,16,2,2937.88,1.6,Empaques y Desechables MX,2025-05-12 08:00:00
1331,17,2,3173.52,0.86,Empaques y Desechables MX,2025-05-12 08:00:00
1332,18,2,40.77,21.85,Insumos Generales Toluca,2025-05-12 08:00:00
1333,1,1,18.17,222.78,Café Origen SA,2025-05-19 08:00:00
1334,2,1,330.38,25.99,Lácteos del Valle,2025-05-19 08:00:00
1335,3,1,62.99,44.94,Lácteos del Valle,2025-05-19 08:00:00
1336,4,1,4449.8,0.36,Distribuidora Sabores MX,2025-05-19 08:00:00
1337,5,1,4203.21,0.36,Distribuidora Sabores MX,2025-05-19 08:00:00
1338,6,1,12.06,195.04,Distribuidora Sabores MX,2025-05-19 08:00:00
1339,7,1,160.73,5.94,Insumos Generales Toluca,2025-05-19 08:00:00
1340,8,1,427.77,4.87,Panificadora San José,2025-05-19 08:00:00
1341,9,1,24.24,137.89,Carnes Selectas,2025-05-19 08:00:00
1342,10,1,16.35,174.49,Lácteos del Valle,2025-05-19 08:00:00
1343,11,1,257.32,13.11,Panificadora San José,2025-05-19 08:00:00
1344,12,1,15.47,127.53,Lácteos del Valle,2025-05-19 08:00:00
1345,13,1,487.28,1.85,Insumos Generales Toluca,2025-05-19 08:00:00
1346,14,1,51.84,54.39,Insumos Generales Toluca,2025-05-19 08:00:00
1347,15,1,2791.18,1.31,Empaques y Desechables MX,2025-05-19 08:00:00
1348,16,1,2514.07,1.54,Empaques y Desechables MX,2025-05-19 08:00:00
1349,17,1,2410.69,0.85,Empaques y Desechables MX,2025-05-19 08:00:00
1350,18,1,40.68,21.61,Insumos Generales Toluca,2025-05-19 08:00:00
1351,1,2,25.1,231.54,Café Origen SA,2025-05-19 08:00:00
1352,2,2,312.56,25.08,Lácteos del Valle,2025-05-19 08:00:00
1353,3,2,58.44,45.3,Lácteos del Valle,2025-05-19 08:00:00
1354,4,2,3188.25,0.37,Distribuidora Sabores MX,2025-05-19 08:00:00
1355,5,2,4398.93,0.36,Distribuidora Sabores MX,2025-05-19 08:00:00
1356,6,2,15.56,189.0,Distribuidora Sabores MX,2025-05-19 08:00:00
1357,7,2,194.1,6.13,Insumos Generales Toluca,2025-05-19 08:00:00
1358,8,2,366.77,4.86,Panificadora San José,2025-05-19 08:00:00
1359,9,2,25.28,136.42,Carnes Selectas,2025-05-19 08:00:00
1360,10,2,15.88,170.78,Lácteos del Valle,2025-05-19 08:00:00
1361,11,2,322.6,13.2,Panificadora San José,2025-05-19 08:00:00
1362,12,2,14.14,136.53,Lácteos del Valle,2025-05-19 08:00:00
1363,13,2,508.42,1.83,Insumos Generales Toluca,2025-05-19 08:00:00
1364,14,2,38.76,57.3,Insumos Generales Toluca,2025-05-19 08:00:00
1365,15,2,3346.59,1.23,Empaques y Desechables MX,2025-05-19 08:00:00
1366,16,2,3308.98,1.49,Empaques y Desechables MX,2025-05-19 08:00:00
1367,17,2,2816.81,0.81,Empaques y Desechables MX,2025-05-19 08:00:00
1368,18,2,27.19,23.98,Insumos Generales Toluca,2025-05-19 08:00:00
1369,1,1,19.87,232.25,Café Origen SA,2025-05-26 08:00:00
1370,2,1,300.3,23.69,Lácteos del Valle,2025-05-26 08:00:00
1371,3,1,56.07,47.88,Lácteos del Valle,2025-05-26 08:00:00
1372,4,1,4013.36,0.35,Distribuidora Sabores MX,2025-05-26 08:00:00
1373,5,1,3295.52,0.37,Distribuidora Sabores MX,2025-05-26 08:00:00
1374,6,1,14.21,192.37,Distribuidora Sabores MX,2025-05-26 08:00:00
1375,7,1,182.65,6.51,Insumos Generales Toluca,2025-05-26 08:00:00
1376,8,1,373.8,4.95,Panificadora San José,2025-05-26 08:00:00
1377,9,1,29.24,147.51,Carnes Selectas,2025-05-26 08:00:00
1378,10,1,21.4,179.43,Lácteos del Valle,2025-05-26 08:00:00
1379,11,1,330.95,12.46,Panificadora San José,2025-05-26 08:00:00
1380,12,1,14.43,134.81,Lácteos del Valle,2025-05-26 08:00:00
1381,13,1,386.25,1.95,Insumos Generales Toluca,2025-05-26 08:00:00
1382,14,1,44.68,55.88,Insumos Generales Toluca,2025-05-26 08:00:00
1383,15,1,2693.43,1.23,Empaques y Desechables MX,2025-05-26 08:00:00
1384,16,1,2996.55,1.52,Empaques y Desechables MX,2025-05-26 08:00:00
1385,17,1,2298.67,0.86,Empaques y Desechables MX,2025-05-26 08:00:00
1386,18,1,50.42,23.58,Insumos Generales Toluca,2025-05-26 08:00:00
1387,1,2,26.1,231.43,Café Origen SA,2025-05-26 08:00:00
1388,2,2,286.36,24.53,Lácteos del Valle,2025-05-26 08:00:00
1389,3,2,65.16,47.88,Lácteos del Valle,2025-05-26 08:00:00
1390,4,2,4128.92,0.38,Distribuidora Sabores MX,2025-05-26 08:00:00
1391,5,2,3219.64,0.36,Distribuidora Sabores MX,2025-05-26 08:00:00
1392,6,2,15.39,190.67,Distribuidora Sabores MX,2025-05-26 08:00:00
1393,7,2,128.24,6.24,Insumos Generales Toluca,2025-05-26 08:00:00
1394,8,2,545.63,4.99,Panificadora San José,2025-05-26 08:00:00
1395,9,2,24.82,148.19,Carnes Selectas,2025-05-26 08:00:00
1396,10,2,19.87,162.82,Lácteos del Valle,2025-05-26 08:00:00
1397,11,2,323.09,12.73,Panificadora San José,2025-05-26 08:00:00
1398,12,2,14.78,139.09,Lácteos del Valle,2025-05-26 08:00:00
1399,13,2,631.72,1.91,Insumos Generales Toluca,2025-05-26 08:00:00
1400,14,2,44.71,60.83,Insumos Generales Toluca,2025-05-26 08:00:00
1401,15,2,2830.13,1.27,Empaques y Desechables MX,2025-05-26 08:00:00
1402,16,2,2384.06,1.48,Empaques y Desechables MX,2025-05-26 08:00:00
1403,17,2,2554.19,0.81,Empaques y Desechables MX,2025-05-26 08:00:00
1404,18,2,42.13,21.8,Insumos Generales Toluca,2025-05-26 08:00:00
1405,1,1,29.92,220.07,Café Origen SA,2025-06-02 08:00:00
1406,2,1,296.17,25.54,Lácteos del Valle,2025-06-02 08:00:00
1407,3,1,50.96,48.37,Lácteos del Valle,2025-06-02 08:00:00
1408,4,1,3148.74,0.36,Distribuidora Sabores MX,2025-06-02 08:00:00
1409,5,1,2960.78,0.38,Distribuidora Sabores MX,2025-06-02 08:00:00
1410,6,1,13.56,188.26,Distribuidora Sabores MX,2025-06-02 08:00:00
1411,7,1,203.32,6.36,Insumos Generales Toluca,2025-06-02 08:00:00
1412,8,1,397.22,4.86,Panificadora San José,2025-06-02 08:00:00
1413,9,1,28.91,141.17,Carnes Selectas,2025-06-02 08:00:00
1414,10,1,21.71,169.25,Lácteos del Valle,2025-06-02 08:00:00
1415,11,1,280.02,12.77,Panificadora San José,2025-06-02 08:00:00
1416,12,1,15.65,138.93,Lácteos del Valle,2025-06-02 08:00:00
1417,13,1,542.96,1.96,Insumos Generales Toluca,2025-06-02 08:00:00
1418,14,1,38.11,56.88,Insumos Generales Toluca,2025-06-02 08:00:00
1419,15,1,2895.82,1.21,Empaques y Desechables MX,2025-06-02 08:00:00
1420,16,1,2639.39,1.48,Empaques y Desechables MX,2025-06-02 08:00:00
1421,17,1,2637.38,0.81,Empaques y Desechables MX,2025-06-02 08:00:00
1422,18,1,48.92,24.24,Insumos Generales Toluca,2025-06-02 08:00:00
1423,1,2,25.0,230.15,Café Origen SA,2025-06-02 08:00:00
1424,2,2,327.26,24.36,Lácteos del Valle,2025-06-02 08:00:00
1425,3,2,66.28,48.33,Lácteos del Valle,2025-06-02 08:00:00
1426,4,2,3989.44,0.38,Distribuidora Sabores MX,2025-06-02 08:00:00
1427,5,2,4237.75,0.35,Distribuidora Sabores MX,2025-06-02 08:00:00
1428,6,2,18.07,192.1,Distribuidora Sabores MX,2025-06-02 08:00:00
1429,7,2,207.21,6.4,Insumos Generales Toluca,2025-06-02 08:00:00
1430,8,2,474.36,4.64,Panificadora San José,2025-06-02 08:00:00
1431,9,2,26.74,146.4,Carnes Selectas,2025-06-02 08:00:00
1432,10,2,19.79,172.59,Lácteos del Valle,2025-06-02 08:00:00
1433,11,2,314.89,13.27,Panificadora San José,2025-06-02 08:00:00
1434,12,2,15.71,134.64,Lácteos del Valle,2025-06-02 08:00:00
1435,13,2,464.56,1.76,Insumos Generales Toluca,2025-06-02 08:00:00
1436,14,2,35.23,55.75,Insumos Generales Toluca,2025-06-02 08:00:00
1437,15,2,3087.2,1.21,Empaques y Desechables MX,2025-06-02 08:00:00
1438,16,2,3103.44,1.62,Empaques y Desechables MX,2025-06-02 08:00:00
1439,17,2,2867.9,0.8,Empaques y Desechables MX,2025-06-02 08:00:00
1440,18,2,49.64,25.78,Insumos Generales Toluca,2025-06-02 08:00:00
1441,1,1,26.11,212.32,Café Origen SA,2025-06-09 08:00:00
1442,2,1,356.1,26.48,Lácteos del Valle,2025-06-09 08:00:00
1443,3,1,73.79,47.16,Lácteos del Valle,2025-06-09 08:00:00
1444,4,1,3764.98,0.4,Distribuidora Sabores MX,2025-06-09 08:00:00
1445,5,1,4287.65,0.37,Distribuidora Sabores MX,2025-06-09 08:00:00
1446,6,1,15.59,187.88,Distribuidora Sabores MX,2025-06-09 08:00:00
1447,7,1,221.88,6.54,Insumos Generales Toluca,2025-06-09 08:00:00
1448,8,1,427.38,4.71,Panificadora San José,2025-06-09 08:00:00
1449,9,1,27.52,135.12,Carnes Selectas,2025-06-09 08:00:00
1450,10,1,20.36,162.84,Lácteos del Valle,2025-06-09 08:00:00
1451,11,1,330.05,12.77,Panificadora San José,2025-06-09 08:00:00
1452,12,1,13.92,137.95,Lácteos del Valle,2025-06-09 08:00:00
1453,13,1,492.26,2.0,Insumos Generales Toluca,2025-06-09 08:00:00
1454,14,1,31.91,56.45,Insumos Generales Toluca,2025-06-09 08:00:00
1455,15,1,3160.22,1.18,Empaques y Desechables MX,2025-06-09 08:00:00
1456,16,1,2986.63,1.53,Empaques y Desechables MX,2025-06-09 08:00:00
1457,17,1,2936.12,0.85,Empaques y Desechables MX,2025-06-09 08:00:00
1458,18,1,47.93,22.14,Insumos Generales Toluca,2025-06-09 08:00:00
1459,1,2,27.38,230.76,Café Origen SA,2025-06-09 08:00:00
1460,2,2,316.43,24.82,Lácteos del Valle,2025-06-09 08:00:00
1461,3,2,69.77,46.38,Lácteos del Valle,2025-06-09 08:00:00
1462,4,2,4244.18,0.36,Distribuidora Sabores MX,2025-06-09 08:00:00
1463,5,2,2637.53,0.34,Distribuidora Sabores MX,2025-06-09 08:00:00
1464,6,2,13.31,189.45,Distribuidora Sabores MX,2025-06-09 08:00:00
1465,7,2,205.33,6.32,Insumos Generales Toluca,2025-06-09 08:00:00
1466,8,2,357.69,4.88,Panificadora San José,2025-06-09 08:00:00
1467,9,2,28.77,146.05,Carnes Selectas,2025-06-09 08:00:00
1468,10,2,17.96,163.61,Lácteos del Valle,2025-06-09 08:00:00
1469,11,2,239.03,13.14,Panificadora San José,2025-06-09 08:00:00
1470,12,2,14.5,126.15,Lácteos del Valle,2025-06-09 08:00:00
1471,13,2,515.09,1.92,Insumos Generales Toluca,2025-06-09 08:00:00
1472,14,2,29.53,59.96,Insumos Generales Toluca,2025-06-09 08:00:00
1473,15,2,2877.82,1.34,Empaques y Desechables MX,2025-06-09 08:00:00
1474,16,2,2771.23,1.61,Empaques y Desechables MX,2025-06-09 08:00:00
1475,17,2,3021.13,0.84,Empaques y Desechables MX,2025-06-09 08:00:00
1476,18,2,45.97,22.75,Insumos Generales Toluca,2025-06-09 08:00:00
1477,1,1,24.71,217.63,Café Origen SA,2025-06-16 08:00:00
1478,2,1,315.84,25.84,Lácteos del Valle,2025-06-16 08:00:00
1479,3,1,62.56,48.48,Lácteos del Valle,2025-06-16 08:00:00
1480,4,1,3246.39,0.38,Distribuidora Sabores MX,2025-06-16 08:00:00
1481,5,1,4113.69,0.37,Distribuidora Sabores MX,2025-06-16 08:00:00
1482,6,1,13.19,181.21,Distribuidora Sabores MX,2025-06-16 08:00:00
1483,7,1,188.07,5.9,Insumos Generales Toluca,2025-06-16 08:00:00
1484,8,1,403.26,4.59,Panificadora San José,2025-06-16 08:00:00
1485,9,1,27.68,159.25,Carnes Selectas,2025-06-16 08:00:00
1486,10,1,22.76,165.09,Lácteos del Valle,2025-06-16 08:00:00
1487,11,1,257.59,12.63,Panificadora San José,2025-06-16 08:00:00
1488,12,1,10.97,126.06,Lácteos del Valle,2025-06-16 08:00:00
1489,13,1,405.87,1.87,Insumos Generales Toluca,2025-06-16 08:00:00
1490,14,1,44.31,61.48,Insumos Generales Toluca,2025-06-16 08:00:00
1491,15,1,3030.81,1.31,Empaques y Desechables MX,2025-06-16 08:00:00
1492,16,1,3087.27,1.52,Empaques y Desechables MX,2025-06-16 08:00:00
1493,17,1,2897.88,0.87,Empaques y Desechables MX,2025-06-16 08:00:00
1494,18,1,45.45,24.45,Insumos Generales Toluca,2025-06-16 08:00:00
1495,1,2,17.85,220.65,Café Origen SA,2025-06-16 08:00:00
1496,2,2,279.63,23.96,Lácteos del Valle,2025-06-16 08:00:00
1497,3,2,60.86,47.32,Lácteos del Valle,2025-06-16 08:00:00
1498,4,2,4311.48,0.37,Distribuidora Sabores MX,2025-06-16 08:00:00
1499,5,2,4320.65,0.37,Distribuidora Sabores MX,2025-06-16 08:00:00
1500,6,2,13.8,185.77,Distribuidora Sabores MX,2025-06-16 08:00:00
1501,7,2,230.54,6.23,Insumos Generales Toluca,2025-06-16 08:00:00
1502,8,2,376.99,4.63,Panificadora San José,2025-06-16 08:00:00
1503,9,2,27.34,140.94,Carnes Selectas,2025-06-16 08:00:00
1504,10,2,19.58,174.14,Lácteos del Valle,2025-06-16 08:00:00
1505,11,2,277.19,13.01,Panificadora San José,2025-06-16 08:00:00
1506,12,2,13.2,137.72,Lácteos del Valle,2025-06-16 08:00:00
1507,13,2,509.59,1.87,Insumos Generales Toluca,2025-06-16 08:00:00
1508,14,2,27.66,53.66,Insumos Generales Toluca,2025-06-16 08:00:00
1509,15,2,3283.7,1.2,Empaques y Desechables MX,2025-06-16 08:00:00
1510,16,2,3010.32,1.56,Empaques y Desechables MX,2025-06-16 08:00:00
1511,17,2,2951.25,0.8,Empaques y Desechables MX,2025-06-16 08:00:00
1512,18,2,43.59,22.12,Insumos Generales Toluca,2025-06-16 08:00:00
1513,1,1,19.45,236.29,Café Origen SA,2025-06-23 08:00:00
1514,2,1,323.27,25.53,Lácteos del Valle,2025-06-23 08:00:00
1515,3,1,64.57,48.67,Lácteos del Valle,2025-06-23 08:00:00
1516,4,1,4165.87,0.39,Distribuidora Sabores MX,2025-06-23 08:00:00
1517,5,1,5034.11,0.36,Distribuidora Sabores MX,2025-06-23 08:00:00
1518,6,1,11.5,179.71,Distribuidora Sabores MX,2025-06-23 08:00:00
1519,7,1,166.63,6.22,Insumos Generales Toluca,2025-06-23 08:00:00
1520,8,1,426.73,4.69,Panificadora San José,2025-06-23 08:00:00
1521,9,1,28.15,152.15,Carnes Selectas,2025-06-23 08:00:00
1522,10,1,15.08,174.22,Lácteos del Valle,2025-06-23 08:00:00
1523,11,1,292.32,12.76,Panificadora San José,2025-06-23 08:00:00
1524,12,1,19.36,135.55,Lácteos del Valle,2025-06-23 08:00:00
1525,13,1,407.8,1.83,Insumos Generales Toluca,2025-06-23 08:00:00
1526,14,1,45.67,57.35,Insumos Generales Toluca,2025-06-23 08:00:00
1527,15,1,2890.76,1.23,Empaques y Desechables MX,2025-06-23 08:00:00
1528,16,1,2688.19,1.54,Empaques y Desechables MX,2025-06-23 08:00:00
1529,17,1,3298.0,0.83,Empaques y Desechables MX,2025-06-23 08:00:00
1530,18,1,47.17,23.74,Insumos Generales Toluca,2025-06-23 08:00:00
1531,1,2,22.26,223.38,Café Origen SA,2025-06-23 08:00:00
1532,2,2,349.1,24.61,Lácteos del Valle,2025-06-23 08:00:00
1533,3,2,61.85,45.13,Lácteos del Valle,2025-06-23 08:00:00
1534,4,2,3840.88,0.37,Distribuidora Sabores MX,2025-06-23 08:00:00
1535,5,2,4677.82,0.38,Distribuidora Sabores MX,2025-06-23 08:00:00
1536,6,2,14.83,203.44,Distribuidora Sabores MX,2025-06-23 08:00:00
1537,7,2,229.76,6.51,Insumos Generales Toluca,2025-06-23 08:00:00
1538,8,2,372.68,4.57,Panificadora San José,2025-06-23 08:00:00
1539,9,2,25.11,150.34,Carnes Selectas,2025-06-23 08:00:00
1540,10,2,16.55,177.16,Lácteos del Valle,2025-06-23 08:00:00
1541,11,2,343.75,12.48,Panificadora San José,2025-06-23 08:00:00
1542,12,2,11.51,140.61,Lácteos del Valle,2025-06-23 08:00:00
1543,13,2,464.73,1.96,Insumos Generales Toluca,2025-06-23 08:00:00
1544,14,2,48.07,59.19,Insumos Generales Toluca,2025-06-23 08:00:00
1545,15,2,2912.13,1.26,Empaques y Desechables MX,2025-06-23 08:00:00
1546,16,2,3278.85,1.6,Empaques y Desechables MX,2025-06-23 08:00:00
1547,17,2,2806.19,0.84,Empaques y Desechables MX,2025-06-23 08:00:00
1548,18,2,48.64,24.18,Insumos Generales Toluca,2025-06-23 08:00:00
1549,1,1,24.41,228.89,Café Origen SA,2025-06-30 08:00:00
1550,2,1,327.81,25.09,Lácteos del Valle,2025-06-30 08:00:00
1551,3,1,53.01,44.11,Lácteos del Valle,2025-06-30 08:00:00
1552,4,1,4725.78,0.33,Distribuidora Sabores MX,2025-06-30 08:00:00
1553,5,1,5388.13,0.37,Distribuidora Sabores MX,2025-06-30 08:00:00
1554,6,1,13.25,181.22,Distribuidora Sabores MX,2025-06-30 08:00:00
1555,7,1,233.2,6.28,Insumos Generales Toluca,2025-06-30 08:00:00
1556,8,1,327.49,4.75,Panificadora San José,2025-06-30 08:00:00
1557,9,1,25.28,142.48,Carnes Selectas,2025-06-30 08:00:00
1558,10,1,18.24,168.34,Lácteos del Valle,2025-06-30 08:00:00
1559,11,1,336.63,12.5,Panificadora San José,2025-06-30 08:00:00
1560,12,1,19.5,138.68,Lácteos del Valle,2025-06-30 08:00:00
1561,13,1,437.02,1.9,Insumos Generales Toluca,2025-06-30 08:00:00
1562,14,1,37.93,58.58,Insumos Generales Toluca,2025-06-30 08:00:00
1563,15,1,2768.18,1.31,Empaques y Desechables MX,2025-06-30 08:00:00
1564,16,1,3451.09,1.64,Empaques y Desechables MX,2025-06-30 08:00:00
1565,17,1,2749.1,0.78,Empaques y Desechables MX,2025-06-30 08:00:00
1566,18,1,39.71,23.44,Insumos Generales Toluca,2025-06-30 08:00:00
1567,1,2,27.28,224.43,Café Origen SA,2025-06-30 08:00:00
1568,2,2,247.39,24.56,Lácteos del Valle,2025-06-30 08:00:00
1569,3,2,72.7,43.07,Lácteos del Valle,2025-06-30 08:00:00
1570,4,2,4505.04,0.38,Distribuidora Sabores MX,2025-06-30 08:00:00
1571,5,2,3746.46,0.37,Distribuidora Sabores MX,2025-06-30 08:00:00
1572,6,2,17.47,195.7,Distribuidora Sabores MX,2025-06-30 08:00:00
1573,7,2,236.9,6.47,Insumos Generales Toluca,2025-06-30 08:00:00
1574,8,2,402.88,4.76,Panificadora San José,2025-06-30 08:00:00
1575,9,2,22.39,153.73,Carnes Selectas,2025-06-30 08:00:00
1576,10,2,18.42,173.2,Lácteos del Valle,2025-06-30 08:00:00
1577,11,2,325.76,13.5,Panificadora San José,2025-06-30 08:00:00
1578,12,2,16.25,125.79,Lácteos del Valle,2025-06-30 08:00:00
1579,13,2,536.12,1.99,Insumos Generales Toluca,2025-06-30 08:00:00
1580,14,2,44.74,58.4,Insumos Generales Toluca,2025-06-30 08:00:00
1581,15,2,2428.01,1.35,Empaques y Desechables MX,2025-06-30 08:00:00
1582,16,2,2340.9,1.53,Empaques y Desechables MX,2025-06-30 08:00:00
1583,17,2,3074.49,0.82,Empaques y Desechables MX,2025-06-30 08:00:00
1584,18,2,29.47,22.75,Insumos Generales Toluca,2025-06-30 08:00:00
1585,1,1,21.45,232.5,Café Origen SA,2025-07-07 08:00:00
1586,2,1,268.8,26.78,Lácteos del Valle,2025-07-07 08:00:00
1587,3,1,42.95,47.43,Lácteos del Valle,2025-07-07 08:00:00
1588,4,1,3601.49,0.4,Distribuidora Sabores MX,2025-07-07 08:00:00
1589,5,1,3276.56,0.37,Distribuidora Sabores MX,2025-07-07 08:00:00
1590,6,1,13.65,170.41,Distribuidora Sabores MX,2025-07-07 08:00:00
1591,7,1,230.08,6.25,Insumos Generales Toluca,2025-07-07 08:00:00
1592,8,1,505.92,4.65,Panificadora San José,2025-07-07 08:00:00
1593,9,1,25.46,153.05,Carnes Selectas,2025-07-07 08:00:00
1594,10,1,24.62,171.55,Lácteos del Valle,2025-07-07 08:00:00
1595,11,1,404.23,12.17,Panificadora San José,2025-07-07 08:00:00
1596,12,1,12.91,134.28,Lácteos del Valle,2025-07-07 08:00:00
1597,13,1,462.02,2.07,Insumos Generales Toluca,2025-07-07 08:00:00
1598,14,1,47.41,58.58,Insumos Generales Toluca,2025-07-07 08:00:00
1599,15,1,2729.15,1.3,Empaques y Desechables MX,2025-07-07 08:00:00
1600,16,1,3058.62,1.56,Empaques y Desechables MX,2025-07-07 08:00:00
1601,17,1,2615.24,0.85,Empaques y Desechables MX,2025-07-07 08:00:00
1602,18,1,40.09,23.45,Insumos Generales Toluca,2025-07-07 08:00:00
1603,1,2,21.21,242.78,Café Origen SA,2025-07-07 08:00:00
1604,2,2,296.45,25.14,Lácteos del Valle,2025-07-07 08:00:00
1605,3,2,58.05,46.62,Lácteos del Valle,2025-07-07 08:00:00
1606,4,2,3495.26,0.38,Distribuidora Sabores MX,2025-07-07 08:00:00
1607,5,2,3707.1,0.35,Distribuidora Sabores MX,2025-07-07 08:00:00
1608,6,2,16.68,201.84,Distribuidora Sabores MX,2025-07-07 08:00:00
1609,7,2,214.77,6.36,Insumos Generales Toluca,2025-07-07 08:00:00
1610,8,2,395.2,4.79,Panificadora San José,2025-07-07 08:00:00
1611,9,2,27.87,151.59,Carnes Selectas,2025-07-07 08:00:00
1612,10,2,21.04,166.65,Lácteos del Valle,2025-07-07 08:00:00
1613,11,2,350.02,13.31,Panificadora San José,2025-07-07 08:00:00
1614,12,2,17.27,145.64,Lácteos del Valle,2025-07-07 08:00:00
1615,13,2,498.89,1.97,Insumos Generales Toluca,2025-07-07 08:00:00
1616,14,2,43.18,53.52,Insumos Generales Toluca,2025-07-07 08:00:00
1617,15,2,3303.49,1.29,Empaques y Desechables MX,2025-07-07 08:00:00
1618,16,2,3170.91,1.59,Empaques y Desechables MX,2025-07-07 08:00:00
1619,17,2,2477.23,0.8,Empaques y Desechables MX,2025-07-07 08:00:00
1620,18,2,23.61,22.55,Insumos Generales Toluca,2025-07-07 08:00:00
1621,1,1,26.56,219.35,Café Origen SA,2025-07-14 08:00:00
1622,2,1,320.73,25.22,Lácteos del Valle,2025-07-14 08:00:00
1623,3,1,61.13,49.47,Lácteos del Valle,2025-07-14 08:00:00
1624,4,1,5103.6,0.35,Distribuidora Sabores MX,2025-07-14 08:00:00
1625,5,1,3424.3,0.37,Distribuidora Sabores MX,2025-07-14 08:00:00
1626,6,1,15.45,182.35,Distribuidora Sabores MX,2025-07-14 08:00:00
1627,7,1,188.99,6.29,Insumos Generales Toluca,2025-07-14 08:00:00
1628,8,1,395.73,4.75,Panificadora San José,2025-07-14 08:00:00
1629,9,1,29.7,146.7,Carnes Selectas,2025-07-14 08:00:00
1630,10,1,18.53,159.17,Lácteos del Valle,2025-07-14 08:00:00
1631,11,1,278.58,12.69,Panificadora San José,2025-07-14 08:00:00
1632,12,1,15.96,133.99,Lácteos del Valle,2025-07-14 08:00:00
1633,13,1,409.0,1.77,Insumos Generales Toluca,2025-07-14 08:00:00
1634,14,1,34.94,59.54,Insumos Generales Toluca,2025-07-14 08:00:00
1635,15,1,3732.43,1.31,Empaques y Desechables MX,2025-07-14 08:00:00
1636,16,1,2858.78,1.55,Empaques y Desechables MX,2025-07-14 08:00:00
1637,17,1,3468.6,0.82,Empaques y Desechables MX,2025-07-14 08:00:00
1638,18,1,44.15,22.84,Insumos Generales Toluca,2025-07-14 08:00:00
1639,1,2,21.03,236.14,Café Origen SA,2025-07-14 08:00:00
1640,2,2,286.32,23.88,Lácteos del Valle,2025-07-14 08:00:00
1641,3,2,71.05,47.53,Lácteos del Valle,2025-07-14 08:00:00
1642,4,2,4777.4,0.38,Distribuidora Sabores MX,2025-07-14 08:00:00
1643,5,2,3348.46,0.36,Distribuidora Sabores MX,2025-07-14 08:00:00
1644,6,2,14.65,194.29,Distribuidora Sabores MX,2025-07-14 08:00:00
1645,7,2,183.43,6.4,Insumos Generales Toluca,2025-07-14 08:00:00
1646,8,2,302.13,4.87,Panificadora San José,2025-07-14 08:00:00
1647,9,2,28.34,146.48,Carnes Selectas,2025-07-14 08:00:00
1648,10,2,24.24,167.48,Lácteos del Valle,2025-07-14 08:00:00
1649,11,2,357.24,12.38,Panificadora San José,2025-07-14 08:00:00
1650,12,2,12.29,131.48,Lácteos del Valle,2025-07-14 08:00:00
1651,13,2,419.58,1.86,Insumos Generales Toluca,2025-07-14 08:00:00
1652,14,2,40.33,59.37,Insumos Generales Toluca,2025-07-14 08:00:00
1653,15,2,2573.28,1.21,Empaques y Desechables MX,2025-07-14 08:00:00
1654,16,2,3181.73,1.48,Empaques y Desechables MX,2025-07-14 08:00:00
1655,17,2,2249.67,0.84,Empaques y Desechables MX,2025-07-14 08:00:00
1656,18,2,36.04,25.26,Insumos Generales Toluca,2025-07-14 08:00:00
1657,1,1,23.34,227.44,Café Origen SA,2025-07-21 08:00:00
1658,2,1,319.34,24.52,Lácteos del Valle,2025-07-21 08:00:00
1659,3,1,73.34,45.62,Lácteos del Valle,2025-07-21 08:00:00
1660,4,1,4107.89,0.36,Distribuidora Sabores MX,2025-07-21 08:00:00
1661,5,1,3614.59,0.37,Distribuidora Sabores MX,2025-07-21 08:00:00
1662,6,1,14.93,193.72,Distribuidora Sabores MX,2025-07-21 08:00:00
1663,7,1,204.71,6.16,Insumos Generales Toluca,2025-07-21 08:00:00
1664,8,1,331.66,4.85,Panificadora San José,2025-07-21 08:00:00
1665,9,1,21.3,152.18,Carnes Selectas,2025-07-21 08:00:00
1666,10,1,22.91,175.47,Lácteos del Valle,2025-07-21 08:00:00
1667,11,1,213.0,12.37,Panificadora San José,2025-07-21 08:00:00
1668,12,1,14.67,138.45,Lácteos del Valle,2025-07-21 08:00:00
1669,13,1,486.43,1.94,Insumos Generales Toluca,2025-07-21 08:00:00
1670,14,1,31.1,59.68,Insumos Generales Toluca,2025-07-21 08:00:00
1671,15,1,2571.05,1.3,Empaques y Desechables MX,2025-07-21 08:00:00
1672,16,1,3708.21,1.58,Empaques y Desechables MX,2025-07-21 08:00:00
1673,17,1,3292.13,0.9,Empaques y Desechables MX,2025-07-21 08:00:00
1674,18,1,30.45,22.06,Insumos Generales Toluca,2025-07-21 08:00:00
1675,1,2,26.41,223.25,Café Origen SA,2025-07-21 08:00:00
1676,2,2,318.36,25.83,Lácteos del Valle,2025-07-21 08:00:00
1677,3,2,61.66,48.56,Lácteos del Valle,2025-07-21 08:00:00
1678,4,2,3483.5,0.37,Distribuidora Sabores MX,2025-07-21 08:00:00
1679,5,2,3490.93,0.38,Distribuidora Sabores MX,2025-07-21 08:00:00
1680,6,2,16.17,177.87,Distribuidora Sabores MX,2025-07-21 08:00:00
1681,7,2,238.28,6.43,Insumos Generales Toluca,2025-07-21 08:00:00
1682,8,2,365.91,4.83,Panificadora San José,2025-07-21 08:00:00
1683,9,2,21.36,160.84,Carnes Selectas,2025-07-21 08:00:00
1684,10,2,21.81,180.73,Lácteos del Valle,2025-07-21 08:00:00
1685,11,2,345.93,12.65,Panificadora San José,2025-07-21 08:00:00
1686,12,2,16.55,137.23,Lácteos del Valle,2025-07-21 08:00:00
1687,13,2,549.74,1.87,Insumos Generales Toluca,2025-07-21 08:00:00
1688,14,2,34.66,59.23,Insumos Generales Toluca,2025-07-21 08:00:00
1689,15,2,4096.92,1.24,Empaques y Desechables MX,2025-07-21 08:00:00
1690,16,2,2577.78,1.55,Empaques y Desechables MX,2025-07-21 08:00:00
1691,17,2,2234.75,0.91,Empaques y Desechables MX,2025-07-21 08:00:00
1692,18,2,36.24,22.55,Insumos Generales Toluca,2025-07-21 08:00:00
1693,1,1,28.13,227.05,Café Origen SA,2025-07-28 08:00:00
1694,2,1,290.45,25.67,Lácteos del Valle,2025-07-28 08:00:00
1695,3,1,50.23,50.26,Lácteos del Valle,2025-07-28 08:00:00
1696,4,1,5819.05,0.4,Distribuidora Sabores MX,2025-07-28 08:00:00
1697,5,1,3993.78,0.37,Distribuidora Sabores MX,2025-07-28 08:00:00
1698,6,1,15.48,189.82,Distribuidora Sabores MX,2025-07-28 08:00:00
1699,7,1,149.45,6.17,Insumos Generales Toluca,2025-07-28 08:00:00
1700,8,1,441.8,4.73,Panificadora San José,2025-07-28 08:00:00
1701,9,1,27.83,143.2,Carnes Selectas,2025-07-28 08:00:00
1702,10,1,23.36,162.85,Lácteos del Valle,2025-07-28 08:00:00
1703,11,1,322.69,12.76,Panificadora San José,2025-07-28 08:00:00
1704,12,1,12.59,136.0,Lácteos del Valle,2025-07-28 08:00:00
1705,13,1,664.49,1.86,Insumos Generales Toluca,2025-07-28 08:00:00
1706,14,1,34.73,58.95,Insumos Generales Toluca,2025-07-28 08:00:00
1707,15,1,3373.16,1.19,Empaques y Desechables MX,2025-07-28 08:00:00
1708,16,1,3035.57,1.48,Empaques y Desechables MX,2025-07-28 08:00:00
1709,17,1,2790.18,0.82,Empaques y Desechables MX,2025-07-28 08:00:00
1710,18,1,40.54,22.48,Insumos Generales Toluca,2025-07-28 08:00:00
1711,1,2,23.71,234.68,Café Origen SA,2025-07-28 08:00:00
1712,2,2,240.65,25.61,Lácteos del Valle,2025-07-28 08:00:00
1713,3,2,72.62,50.24,Lácteos del Valle,2025-07-28 08:00:00
1714,4,2,4464.64,0.37,Distribuidora Sabores MX,2025-07-28 08:00:00
1715,5,2,3921.0,0.38,Distribuidora Sabores MX,2025-07-28 08:00:00
1716,6,2,18.88,193.82,Distribuidora Sabores MX,2025-07-28 08:00:00
1717,7,2,236.15,6.35,Insumos Generales Toluca,2025-07-28 08:00:00
1718,8,2,430.33,5.02,Panificadora San José,2025-07-28 08:00:00
1719,9,2,26.84,147.37,Carnes Selectas,2025-07-28 08:00:00
1720,10,2,18.18,167.1,Lácteos del Valle,2025-07-28 08:00:00
1721,11,2,283.25,12.51,Panificadora San José,2025-07-28 08:00:00
1722,12,2,19.27,140.95,Lácteos del Valle,2025-07-28 08:00:00
1723,13,2,457.17,1.83,Insumos Generales Toluca,2025-07-28 08:00:00
1724,14,2,43.23,58.61,Insumos Generales Toluca,2025-07-28 08:00:00
1725,15,2,3086.83,1.31,Empaques y Desechables MX,2025-07-28 08:00:00
1726,16,2,2827.25,1.67,Empaques y Desechables MX,2025-07-28 08:00:00
1727,17,2,3009.9,0.82,Empaques y Desechables MX,2025-07-28 08:00:00
1728,18,2,36.36,22.86,Insumos Generales Toluca,2025-07-28 08:00:00
1729,1,1,29.6,214.42,Café Origen SA,2025-08-04 08:00:00
1730,2,1,270.34,25.36,Lácteos del Valle,2025-08-04 08:00:00
1731,3,1,59.8,49.37,Lácteos del Valle,2025-08-04 08:00:00
1732,4,1,4467.8,0.38,Distribuidora Sabores MX,2025-08-04 08:00:00
1733,5,1,3473.6,0.35,Distribuidora Sabores MX,2025-08-04 08:00:00
1734,6,1,13.04,187.48,Distribuidora Sabores MX,2025-08-04 08:00:00
1735,7,1,230.77,6.5,Insumos Generales Toluca,2025-08-04 08:00:00
1736,8,1,344.34,4.37,Panificadora San José,2025-08-04 08:00:00
1737,9,1,22.79,153.7,Carnes Selectas,2025-08-04 08:00:00
1738,10,1,21.54,171.04,Lácteos del Valle,2025-08-04 08:00:00
1739,11,1,259.63,12.75,Panificadora San José,2025-08-04 08:00:00
1740,12,1,14.88,136.6,Lácteos del Valle,2025-08-04 08:00:00
1741,13,1,472.74,1.81,Insumos Generales Toluca,2025-08-04 08:00:00
1742,14,1,34.82,56.6,Insumos Generales Toluca,2025-08-04 08:00:00
1743,15,1,3287.07,1.24,Empaques y Desechables MX,2025-08-04 08:00:00
1744,16,1,3134.12,1.54,Empaques y Desechables MX,2025-08-04 08:00:00
1745,17,1,2898.93,0.88,Empaques y Desechables MX,2025-08-04 08:00:00
1746,18,1,30.94,22.67,Insumos Generales Toluca,2025-08-04 08:00:00
1747,1,2,24.49,220.6,Café Origen SA,2025-08-04 08:00:00
1748,2,2,299.5,24.59,Lácteos del Valle,2025-08-04 08:00:00
1749,3,2,66.55,45.45,Lácteos del Valle,2025-08-04 08:00:00
1750,4,2,3231.63,0.37,Distribuidora Sabores MX,2025-08-04 08:00:00
1751,5,2,3761.71,0.35,Distribuidora Sabores MX,2025-08-04 08:00:00
1752,6,2,15.34,198.26,Distribuidora Sabores MX,2025-08-04 08:00:00
1753,7,2,214.25,6.42,Insumos Generales Toluca,2025-08-04 08:00:00
1754,8,2,404.39,4.61,Panificadora San José,2025-08-04 08:00:00
1755,9,2,18.85,132.81,Carnes Selectas,2025-08-04 08:00:00
1756,10,2,19.44,158.66,Lácteos del Valle,2025-08-04 08:00:00
1757,11,2,390.46,13.86,Panificadora San José,2025-08-04 08:00:00
1758,12,2,17.89,138.48,Lácteos del Valle,2025-08-04 08:00:00
1759,13,2,507.85,1.87,Insumos Generales Toluca,2025-08-04 08:00:00
1760,14,2,30.76,61.11,Insumos Generales Toluca,2025-08-04 08:00:00
1761,15,2,3323.18,1.31,Empaques y Desechables MX,2025-08-04 08:00:00
1762,16,2,3119.83,1.56,Empaques y Desechables MX,2025-08-04 08:00:00
1763,17,2,2618.49,0.82,Empaques y Desechables MX,2025-08-04 08:00:00
1764,18,2,38.28,24.64,Insumos Generales Toluca,2025-08-04 08:00:00
1765,1,1,25.52,217.29,Café Origen SA,2025-08-11 08:00:00
1766,2,1,328.79,25.22,Lácteos del Valle,2025-08-11 08:00:00
1767,3,1,68.51,46.32,Lácteos del Valle,2025-08-11 08:00:00
1768,4,1,4333.62,0.35,Distribuidora Sabores MX,2025-08-11 08:00:00
1769,5,1,4356.17,0.4,Distribuidora Sabores MX,2025-08-11 08:00:00
1770,6,1,16.94,185.61,Distribuidora Sabores MX,2025-08-11 08:00:00
1771,7,1,145.06,5.9,Insumos Generales Toluca,2025-08-11 08:00:00
1772,8,1,281.6,4.22,Panificadora San José,2025-08-11 08:00:00
1773,9,1,28.44,146.8,Carnes Selectas,2025-08-11 08:00:00
1774,10,1,17.84,165.82,Lácteos del Valle,2025-08-11 08:00:00
1775,11,1,204.12,12.36,Panificadora San José,2025-08-11 08:00:00
1776,12,1,19.62,128.6,Lácteos del Valle,2025-08-11 08:00:00
1777,13,1,397.1,1.88,Insumos Generales Toluca,2025-08-11 08:00:00
1778,14,1,37.44,57.71,Insumos Generales Toluca,2025-08-11 08:00:00
1779,15,1,3149.39,1.26,Empaques y Desechables MX,2025-08-11 08:00:00
1780,16,1,2642.62,1.73,Empaques y Desechables MX,2025-08-11 08:00:00
1781,17,1,2926.99,0.83,Empaques y Desechables MX,2025-08-11 08:00:00
1782,18,1,41.42,23.12,Insumos Generales Toluca,2025-08-11 08:00:00
1783,1,2,26.99,236.44,Café Origen SA,2025-08-11 08:00:00
1784,2,2,361.39,24.35,Lácteos del Valle,2025-08-11 08:00:00
1785,3,2,59.61,46.71,Lácteos del Valle,2025-08-11 08:00:00
1786,4,2,3336.63,0.37,Distribuidora Sabores MX,2025-08-11 08:00:00
1787,5,2,3957.45,0.38,Distribuidora Sabores MX,2025-08-11 08:00:00
1788,6,2,15.0,192.58,Distribuidora Sabores MX,2025-08-11 08:00:00
1789,7,2,189.96,6.46,Insumos Generales Toluca,2025-08-11 08:00:00
1790,8,2,342.2,4.8,Panificadora San José,2025-08-11 08:00:00
1791,9,2,16.39,147.78,Carnes Selectas,2025-08-11 08:00:00
1792,10,2,24.73,160.74,Lácteos del Valle,2025-08-11 08:00:00
1793,11,2,300.41,12.16,Panificadora San José,2025-08-11 08:00:00
1794,12,2,15.27,136.39,Lácteos del Valle,2025-08-11 08:00:00
1795,13,2,416.83,1.89,Insumos Generales Toluca,2025-08-11 08:00:00
1796,14,2,39.81,58.45,Insumos Generales Toluca,2025-08-11 08:00:00
1797,15,2,3440.13,1.28,Empaques y Desechables MX,2025-08-11 08:00:00
1798,16,2,3181.81,1.69,Empaques y Desechables MX,2025-08-11 08:00:00
1799,17,2,3270.84,0.88,Empaques y Desechables MX,2025-08-11 08:00:00
1800,18,2,46.19,24.9,Insumos Generales Toluca,2025-08-11 08:00:00
1801,1,1,25.23,227.47,Café Origen SA,2025-08-18 08:00:00
1802,2,1,350.55,25.62,Lácteos del Valle,2025-08-18 08:00:00
1803,3,1,72.33,48.25,Lácteos del Valle,2025-08-18 08:00:00
1804,4,1,4292.62,0.36,Distribuidora Sabores MX,2025-08-18 08:00:00
1805,5,1,4290.65,0.36,Distribuidora Sabores MX,2025-08-18 08:00:00
1806,6,1,17.98,198.39,Distribuidora Sabores MX,2025-08-18 08:00:00
1807,7,1,205.7,6.15,Insumos Generales Toluca,2025-08-18 08:00:00
1808,8,1,468.41,4.42,Panificadora San José,2025-08-18 08:00:00
1809,9,1,21.14,149.1,Carnes Selectas,2025-08-18 08:00:00
1810,10,1,18.06,172.29,Lácteos del Valle,2025-08-18 08:00:00
1811,11,1,320.42,12.63,Panificadora San José,2025-08-18 08:00:00
1812,12,1,14.01,122.03,Lácteos del Valle,2025-08-18 08:00:00
1813,13,1,545.77,1.89,Insumos Generales Toluca,2025-08-18 08:00:00
1814,14,1,47.99,61.17,Insumos Generales Toluca,2025-08-18 08:00:00
1815,15,1,3438.33,1.21,Empaques y Desechables MX,2025-08-18 08:00:00
1816,16,1,2737.43,1.52,Empaques y Desechables MX,2025-08-18 08:00:00
1817,17,1,3085.78,0.82,Empaques y Desechables MX,2025-08-18 08:00:00
1818,18,1,43.34,23.38,Insumos Generales Toluca,2025-08-18 08:00:00
1819,1,2,26.77,222.74,Café Origen SA,2025-08-18 08:00:00
1820,2,2,294.36,26.5,Lácteos del Valle,2025-08-18 08:00:00
1821,3,2,70.68,45.59,Lácteos del Valle,2025-08-18 08:00:00
1822,4,2,4319.74,0.36,Distribuidora Sabores MX,2025-08-18 08:00:00
1823,5,2,3837.74,0.36,Distribuidora Sabores MX,2025-08-18 08:00:00
1824,6,2,13.59,191.25,Distribuidora Sabores MX,2025-08-18 08:00:00
1825,7,2,132.34,6.24,Insumos Generales Toluca,2025-08-18 08:00:00
1826,8,2,406.93,4.54,Panificadora San José,2025-08-18 08:00:00
1827,9,2,25.96,146.11,Carnes Selectas,2025-08-18 08:00:00
1828,10,2,17.2,172.27,Lácteos del Valle,2025-08-18 08:00:00
1829,11,2,397.94,12.08,Panificadora San José,2025-08-18 08:00:00
1830,12,2,14.18,132.63,Lácteos del Valle,2025-08-18 08:00:00
1831,13,2,509.08,1.96,Insumos Generales Toluca,2025-08-18 08:00:00
1832,14,2,41.71,57.29,Insumos Generales Toluca,2025-08-18 08:00:00
1833,15,2,3345.1,1.28,Empaques y Desechables MX,2025-08-18 08:00:00
1834,16,2,3476.71,1.5,Empaques y Desechables MX,2025-08-18 08:00:00
1835,17,2,3266.21,0.82,Empaques y Desechables MX,2025-08-18 08:00:00
1836,18,2,47.27,21.64,Insumos Generales Toluca,2025-08-18 08:00:00
1837,1,1,32.45,234.31,Café Origen SA,2025-08-25 08:00:00
1838,2,1,282.4,26.64,Lácteos del Valle,2025-08-25 08:00:00
1839,3,1,60.0,43.7,Lácteos del Valle,2025-08-25 08:00:00
1840,4,1,4442.86,0.35,Distribuidora Sabores MX,2025-08-25 08:00:00
1841,5,1,4478.98,0.38,Distribuidora Sabores MX,2025-08-25 08:00:00
1842,6,1,16.14,193.13,Distribuidora Sabores MX,2025-08-25 08:00:00
1843,7,1,209.98,6.48,Insumos Generales Toluca,2025-08-25 08:00:00
1844,8,1,400.71,4.67,Panificadora San José,2025-08-25 08:00:00
1845,9,1,24.33,156.91,Carnes Selectas,2025-08-25 08:00:00
1846,10,1,18.63,160.58,Lácteos del Valle,2025-08-25 08:00:00
1847,11,1,340.44,14.23,Panificadora San José,2025-08-25 08:00:00
1848,12,1,10.4,140.56,Lácteos del Valle,2025-08-25 08:00:00
1849,13,1,604.39,1.91,Insumos Generales Toluca,2025-08-25 08:00:00
1850,14,1,42.16,55.39,Insumos Generales Toluca,2025-08-25 08:00:00
1851,15,1,3159.76,1.32,Empaques y Desechables MX,2025-08-25 08:00:00
1852,16,1,3257.93,1.63,Empaques y Desechables MX,2025-08-25 08:00:00
1853,17,1,2984.76,0.89,Empaques y Desechables MX,2025-08-25 08:00:00
1854,18,1,41.6,22.55,Insumos Generales Toluca,2025-08-25 08:00:00
1855,1,2,31.3,237.3,Café Origen SA,2025-08-25 08:00:00
1856,2,2,329.0,24.18,Lácteos del Valle,2025-08-25 08:00:00
1857,3,2,49.9,45.51,Lácteos del Valle,2025-08-25 08:00:00
1858,4,2,4307.73,0.35,Distribuidora Sabores MX,2025-08-25 08:00:00
1859,5,2,3885.36,0.39,Distribuidora Sabores MX,2025-08-25 08:00:00
1860,6,2,19.06,189.86,Distribuidora Sabores MX,2025-08-25 08:00:00
1861,7,2,209.89,5.9,Insumos Generales Toluca,2025-08-25 08:00:00
1862,8,2,300.87,4.9,Panificadora San José,2025-08-25 08:00:00
1863,9,2,32.45,145.6,Carnes Selectas,2025-08-25 08:00:00
1864,10,2,20.29,165.21,Lácteos del Valle,2025-08-25 08:00:00
1865,11,2,245.57,12.43,Panificadora San José,2025-08-25 08:00:00
1866,12,2,15.84,147.95,Lácteos del Valle,2025-08-25 08:00:00
1867,13,2,517.13,1.96,Insumos Generales Toluca,2025-08-25 08:00:00
1868,14,2,32.44,60.23,Insumos Generales Toluca,2025-08-25 08:00:00
1869,15,2,3362.24,1.25,Empaques y Desechables MX,2025-08-25 08:00:00
1870,16,2,2803.81,1.57,Empaques y Desechables MX,2025-08-25 08:00:00
1871,17,2,2393.41,0.89,Empaques y Desechables MX,2025-08-25 08:00:00
1872,18,2,43.07,24.71,Insumos Generales Toluca,2025-08-25 08:00:00
1873,1,1,21.71,224.54,Café Origen SA,2025-09-01 08:00:00
1874,2,1,321.88,24.92,Lácteos del Valle,2025-09-01 08:00:00
1875,3,1,69.28,46.39,Lácteos del Valle,2025-09-01 08:00:00
1876,4,1,3120.21,0.38,Distribuidora Sabores MX,2025-09-01 08:00:00
1877,5,1,3602.49,0.35,Distribuidora Sabores MX,2025-09-01 08:00:00
1878,6,1,19.46,196.25,Distribuidora Sabores MX,2025-09-01 08:00:00
1879,7,1,186.31,6.41,Insumos Generales Toluca,2025-09-01 08:00:00
1880,8,1,397.14,4.74,Panificadora San José,2025-09-01 08:00:00
1881,9,1,20.46,155.11,Carnes Selectas,2025-09-01 08:00:00
1882,10,1,17.19,173.68,Lácteos del Valle,2025-09-01 08:00:00
1883,11,1,288.6,13.09,Panificadora San José,2025-09-01 08:00:00
1884,12,1,14.63,136.26,Lácteos del Valle,2025-09-01 08:00:00
1885,13,1,378.87,1.86,Insumos Generales Toluca,2025-09-01 08:00:00
1886,14,1,37.72,57.51,Insumos Generales Toluca,2025-09-01 08:00:00
1887,15,1,2880.18,1.32,Empaques y Desechables MX,2025-09-01 08:00:00
1888,16,1,3270.61,1.57,Empaques y Desechables MX,2025-09-01 08:00:00
1889,17,1,2953.45,0.83,Empaques y Desechables MX,2025-09-01 08:00:00
1890,18,1,40.46,23.43,Insumos Generales Toluca,2025-09-01 08:00:00
1891,1,2,22.53,229.41,Café Origen SA,2025-09-01 08:00:00
1892,2,2,241.34,23.68,Lácteos del Valle,2025-09-01 08:00:00
1893,3,2,57.66,50.2,Lácteos del Valle,2025-09-01 08:00:00
1894,4,2,4774.26,0.38,Distribuidora Sabores MX,2025-09-01 08:00:00
1895,5,2,3387.94,0.36,Distribuidora Sabores MX,2025-09-01 08:00:00
1896,6,2,14.2,195.32,Distribuidora Sabores MX,2025-09-01 08:00:00
1897,7,2,245.78,6.78,Insumos Generales Toluca,2025-09-01 08:00:00
1898,8,2,393.17,5.11,Panificadora San José,2025-09-01 08:00:00
1899,9,2,26.0,153.65,Carnes Selectas,2025-09-01 08:00:00
1900,10,2,22.46,155.15,Lácteos del Valle,2025-09-01 08:00:00
1901,11,2,284.33,13.37,Panificadora San José,2025-09-01 08:00:00
1902,12,2,12.69,135.74,Lácteos del Valle,2025-09-01 08:00:00
1903,13,2,627.89,1.93,Insumos Generales Toluca,2025-09-01 08:00:00
1904,14,2,49.25,59.75,Insumos Generales Toluca,2025-09-01 08:00:00
1905,15,2,3181.86,1.31,Empaques y Desechables MX,2025-09-01 08:00:00
1906,16,2,2880.99,1.55,Empaques y Desechables MX,2025-09-01 08:00:00
1907,17,2,3955.38,0.92,Empaques y Desechables MX,2025-09-01 08:00:00
1908,18,2,41.69,22.75,Insumos Generales Toluca,2025-09-01 08:00:00
1909,1,1,24.25,226.23,Café Origen SA,2025-09-08 08:00:00
1910,2,1,333.69,25.23,Lácteos del Valle,2025-09-08 08:00:00
1911,3,1,49.99,46.51,Lácteos del Valle,2025-09-08 08:00:00
1912,4,1,4068.13,0.38,Distribuidora Sabores MX,2025-09-08 08:00:00
1913,5,1,4576.74,0.36,Distribuidora Sabores MX,2025-09-08 08:00:00
1914,6,1,18.87,198.42,Distribuidora Sabores MX,2025-09-08 08:00:00
1915,7,1,200.32,6.66,Insumos Generales Toluca,2025-09-08 08:00:00
1916,8,1,431.53,4.5,Panificadora San José,2025-09-08 08:00:00
1917,9,1,23.97,143.65,Carnes Selectas,2025-09-08 08:00:00
1918,10,1,15.88,156.86,Lácteos del Valle,2025-09-08 08:00:00
1919,11,1,313.15,11.94,Panificadora San José,2025-09-08 08:00:00
1920,12,1,17.05,141.71,Lácteos del Valle,2025-09-08 08:00:00
1921,13,1,435.54,1.89,Insumos Generales Toluca,2025-09-08 08:00:00
1922,14,1,43.32,58.21,Insumos Generales Toluca,2025-09-08 08:00:00
1923,15,1,2793.47,1.24,Empaques y Desechables MX,2025-09-08 08:00:00
1924,16,1,2621.09,1.49,Empaques y Desechables MX,2025-09-08 08:00:00
1925,17,1,2162.38,0.86,Empaques y Desechables MX,2025-09-08 08:00:00
1926,18,1,39.11,23.72,Insumos Generales Toluca,2025-09-08 08:00:00
1927,1,2,22.11,222.5,Café Origen SA,2025-09-08 08:00:00
1928,2,2,275.57,26.61,Lácteos del Valle,2025-09-08 08:00:00
1929,3,2,61.28,45.0,Lácteos del Valle,2025-09-08 08:00:00
1930,4,2,4333.72,0.35,Distribuidora Sabores MX,2025-09-08 08:00:00
1931,5,2,3728.24,0.35,Distribuidora Sabores MX,2025-09-08 08:00:00
1932,6,2,16.34,189.63,Distribuidora Sabores MX,2025-09-08 08:00:00
1933,7,2,148.59,5.99,Insumos Generales Toluca,2025-09-08 08:00:00
1934,8,2,325.01,5.23,Panificadora San José,2025-09-08 08:00:00
1935,9,2,23.99,147.68,Carnes Selectas,2025-09-08 08:00:00
1936,10,2,22.97,170.43,Lácteos del Valle,2025-09-08 08:00:00
1937,11,2,286.1,12.14,Panificadora San José,2025-09-08 08:00:00
1938,12,2,14.34,137.25,Lácteos del Valle,2025-09-08 08:00:00
1939,13,2,568.41,2.03,Insumos Generales Toluca,2025-09-08 08:00:00
1940,14,2,42.1,56.51,Insumos Generales Toluca,2025-09-08 08:00:00
1941,15,2,2982.38,1.31,Empaques y Desechables MX,2025-09-08 08:00:00
1942,16,2,2593.7,1.57,Empaques y Desechables MX,2025-09-08 08:00:00
1943,17,2,3102.92,0.88,Empaques y Desechables MX,2025-09-08 08:00:00
1944,18,2,36.55,23.63,Insumos Generales Toluca,2025-09-08 08:00:00
1945,1,1,29.97,252.15,Café Origen SA,2025-09-15 08:00:00
1946,2,1,303.89,24.04,Lácteos del Valle,2025-09-15 08:00:00
1947,3,1,58.29,48.89,Lácteos del Valle,2025-09-15 08:00:00
1948,4,1,3925.55,0.35,Distribuidora Sabores MX,2025-09-15 08:00:00
1949,5,1,4726.27,0.38,Distribuidora Sabores MX,2025-09-15 08:00:00
1950,6,1,13.45,190.8,Distribuidora Sabores MX,2025-09-15 08:00:00
1951,7,1,216.32,6.47,Insumos Generales Toluca,2025-09-15 08:00:00
1952,8,1,394.63,4.64,Panificadora San José,2025-09-15 08:00:00
1953,9,1,24.18,145.66,Carnes Selectas,2025-09-15 08:00:00
1954,10,1,19.83,170.41,Lácteos del Valle,2025-09-15 08:00:00
1955,11,1,327.67,13.65,Panificadora San José,2025-09-15 08:00:00
1956,12,1,15.08,138.31,Lácteos del Valle,2025-09-15 08:00:00
1957,13,1,377.2,2.04,Insumos Generales Toluca,2025-09-15 08:00:00
1958,14,1,31.76,58.66,Insumos Generales Toluca,2025-09-15 08:00:00
1959,15,1,3260.28,1.24,Empaques y Desechables MX,2025-09-15 08:00:00
1960,16,1,2279.88,1.69,Empaques y Desechables MX,2025-09-15 08:00:00
1961,17,1,2811.56,0.87,Empaques y Desechables MX,2025-09-15 08:00:00
1962,18,1,55.01,23.47,Insumos Generales Toluca,2025-09-15 08:00:00
1963,1,2,24.29,231.81,Café Origen SA,2025-09-15 08:00:00
1964,2,2,293.45,24.86,Lácteos del Valle,2025-09-15 08:00:00
1965,3,2,57.56,48.78,Lácteos del Valle,2025-09-15 08:00:00
1966,4,2,4059.1,0.38,Distribuidora Sabores MX,2025-09-15 08:00:00
1967,5,2,3989.58,0.36,Distribuidora Sabores MX,2025-09-15 08:00:00
1968,6,2,16.59,188.59,Distribuidora Sabores MX,2025-09-15 08:00:00
1969,7,2,151.13,5.87,Insumos Generales Toluca,2025-09-15 08:00:00
1970,8,2,427.29,4.59,Panificadora San José,2025-09-15 08:00:00
1971,9,2,26.23,149.44,Carnes Selectas,2025-09-15 08:00:00
1972,10,2,20.55,172.55,Lácteos del Valle,2025-09-15 08:00:00
1973,11,2,255.98,12.56,Panificadora San José,2025-09-15 08:00:00
1974,12,2,8.92,130.14,Lácteos del Valle,2025-09-15 08:00:00
1975,13,2,631.69,2.09,Insumos Generales Toluca,2025-09-15 08:00:00
1976,14,2,39.17,57.61,Insumos Generales Toluca,2025-09-15 08:00:00
1977,15,2,2679.95,1.26,Empaques y Desechables MX,2025-09-15 08:00:00
1978,16,2,2650.24,1.68,Empaques y Desechables MX,2025-09-15 08:00:00
1979,17,2,2530.05,0.89,Empaques y Desechables MX,2025-09-15 08:00:00
1980,18,2,42.21,22.77,Insumos Generales Toluca,2025-09-15 08:00:00
1981,1,1,20.9,233.45,Café Origen SA,2025-09-22 08:00:00
1982,2,1,266.2,25.11,Lácteos del Valle,2025-09-22 08:00:00
1983,3,1,49.71,48.98,Lácteos del Valle,2025-09-22 08:00:00
1984,4,1,4356.56,0.38,Distribuidora Sabores MX,2025-09-22 08:00:00
1985,5,1,3774.79,0.36,Distribuidora Sabores MX,2025-09-22 08:00:00
1986,6,1,12.59,204.41,Distribuidora Sabores MX,2025-09-22 08:00:00
1987,7,1,218.74,5.91,Insumos Generales Toluca,2025-09-22 08:00:00
1988,8,1,404.27,4.71,Panificadora San José,2025-09-22 08:00:00
1989,9,1,21.6,150.5,Carnes Selectas,2025-09-22 08:00:00
1990,10,1,24.0,163.18,Lácteos del Valle,2025-09-22 08:00:00
1991,11,1,230.88,12.06,Panificadora San José,2025-09-22 08:00:00
1992,12,1,11.35,133.75,Lácteos del Valle,2025-09-22 08:00:00
1993,13,1,568.05,1.75,Insumos Generales Toluca,2025-09-22 08:00:00
1994,14,1,37.2,60.05,Insumos Generales Toluca,2025-09-22 08:00:00
1995,15,1,2538.3,1.22,Empaques y Desechables MX,2025-09-22 08:00:00
1996,16,1,1923.01,1.53,Empaques y Desechables MX,2025-09-22 08:00:00
1997,17,1,2689.01,0.78,Empaques y Desechables MX,2025-09-22 08:00:00
1998,18,1,37.29,23.75,Insumos Generales Toluca,2025-09-22 08:00:00
1999,1,2,30.44,238.78,Café Origen SA,2025-09-22 08:00:00
2000,2,2,267.07,27.48,Lácteos del Valle,2025-09-22 08:00:00
2001,3,2,63.85,49.33,Lácteos del Valle,2025-09-22 08:00:00
2002,4,2,4479.84,0.39,Distribuidora Sabores MX,2025-09-22 08:00:00
2003,5,2,4380.87,0.37,Distribuidora Sabores MX,2025-09-22 08:00:00
2004,6,2,14.85,195.68,Distribuidora Sabores MX,2025-09-22 08:00:00
2005,7,2,154.6,6.38,Insumos Generales Toluca,2025-09-22 08:00:00
2006,8,2,440.5,4.7,Panificadora San José,2025-09-22 08:00:00
2007,9,2,24.93,151.1,Carnes Selectas,2025-09-22 08:00:00
2008,10,2,19.52,156.83,Lácteos del Valle,2025-09-22 08:00:00
2009,11,2,314.82,13.18,Panificadora San José,2025-09-22 08:00:00
2010,12,2,16.35,141.42,Lácteos del Valle,2025-09-22 08:00:00
2011,13,2,313.71,1.79,Insumos Generales Toluca,2025-09-22 08:00:00
2012,14,2,36.36,57.67,Insumos Generales Toluca,2025-09-22 08:00:00
2013,15,2,3225.34,1.24,Empaques y Desechables MX,2025-09-22 08:00:00
2014,16,2,3124.34,1.64,Empaques y Desechables MX,2025-09-22 08:00:00
2015,17,2,3373.36,0.81,Empaques y Desechables MX,2025-09-22 08:00:00
2016,18,2,34.17,25.19,Insumos Generales Toluca,2025-09-22 08:00:00
2017,1,1,15.49,236.04,Café Origen SA,2025-09-29 08:00:00
2018,2,1,268.67,25.02,Lácteos del Valle,2025-09-29 08:00:00
2019,3,1,53.5,48.71,Lácteos del Valle,2025-09-29 08:00:00
2020,4,1,4767.61,0.4,Distribuidora Sabores MX,2025-09-29 08:00:00
2021,5,1,4262.94,0.38,Distribuidora Sabores MX,2025-09-29 08:00:00
2022,6,1,14.88,206.94,Distribuidora Sabores MX,2025-09-29 08:00:00
2023,7,1,207.91,6.7,Insumos Generales Toluca,2025-09-29 08:00:00
2024,8,1,311.44,4.43,Panificadora San José,2025-09-29 08:00:00
2025,9,1,26.1,140.83,Carnes Selectas,2025-09-29 08:00:00
2026,10,1,24.66,162.63,Lácteos del Valle,2025-09-29 08:00:00
2027,11,1,323.99,13.56,Panificadora San José,2025-09-29 08:00:00
2028,12,1,13.77,145.3,Lácteos del Valle,2025-09-29 08:00:00
2029,13,1,477.44,1.87,Insumos Generales Toluca,2025-09-29 08:00:00
2030,14,1,47.05,55.47,Insumos Generales Toluca,2025-09-29 08:00:00
2031,15,1,3131.06,1.27,Empaques y Desechables MX,2025-09-29 08:00:00
2032,16,1,2644.14,1.52,Empaques y Desechables MX,2025-09-29 08:00:00
2033,17,1,3537.1,0.81,Empaques y Desechables MX,2025-09-29 08:00:00
2034,18,1,36.82,23.11,Insumos Generales Toluca,2025-09-29 08:00:00
2035,1,2,21.86,227.59,Café Origen SA,2025-09-29 08:00:00
2036,2,2,337.46,27.43,Lácteos del Valle,2025-09-29 08:00:00
2037,3,2,54.18,50.84,Lácteos del Valle,2025-09-29 08:00:00
2038,4,2,4063.16,0.38,Distribuidora Sabores MX,2025-09-29 08:00:00
2039,5,2,3630.66,0.39,Distribuidora Sabores MX,2025-09-29 08:00:00
2040,6,2,18.72,203.23,Distribuidora Sabores MX,2025-09-29 08:00:00
2041,7,2,213.88,6.43,Insumos Generales Toluca,2025-09-29 08:00:00
2042,8,2,477.8,4.7,Panificadora San José,2025-09-29 08:00:00
2043,9,2,26.06,149.51,Carnes Selectas,2025-09-29 08:00:00
2044,10,2,18.83,165.52,Lácteos del Valle,2025-09-29 08:00:00
2045,11,2,293.29,12.35,Panificadora San José,2025-09-29 08:00:00
2046,12,2,13.05,139.95,Lácteos del Valle,2025-09-29 08:00:00
2047,13,2,628.11,1.91,Insumos Generales Toluca,2025-09-29 08:00:00
2048,14,2,50.2,57.72,Insumos Generales Toluca,2025-09-29 08:00:00
2049,15,2,2302.29,1.26,Empaques y Desechables MX,2025-09-29 08:00:00
2050,16,2,3272.05,1.69,Empaques y Desechables MX,2025-09-29 08:00:00
2051,17,2,2267.92,0.8,Empaques y Desechables MX,2025-09-29 08:00:00
2052,18,2,41.41,25.53,Insumos Generales Toluca,2025-09-29 08:00:00
2053,1,1,28.36,237.69,Café Origen SA,2025-10-06 08:00:00
2054,2,1,245.94,26.0,Lácteos del Valle,2025-10-06 08:00:00
2055,3,1,47.3,46.6,Lácteos del Valle,2025-10-06 08:00:00
2056,4,1,3781.82,0.38,Distribuidora Sabores MX,2025-10-06 08:00:00
2057,5,1,4241.16,0.37,Distribuidora Sabores MX,2025-10-06 08:00:00
2058,6,1,15.84,190.54,Distribuidora Sabores MX,2025-10-06 08:00:00
2059,7,1,271.21,6.33,Insumos Generales Toluca,2025-10-06 08:00:00
2060,8,1,453.7,5.09,Panificadora San José,2025-10-06 08:00:00
2061,9,1,27.15,141.91,Carnes Selectas,2025-10-06 08:00:00
2062,10,1,17.11,170.3,Lácteos del Valle,2025-10-06 08:00:00
2063,11,1,261.73,12.87,Panificadora San José,2025-10-06 08:00:00
2064,12,1,17.22,142.58,Lácteos del Valle,2025-10-06 08:00:00
2065,13,1,546.38,2.12,Insumos Generales Toluca,2025-10-06 08:00:00
2066,14,1,50.63,58.85,Insumos Generales Toluca,2025-10-06 08:00:00
2067,15,1,3048.74,1.24,Empaques y Desechables MX,2025-10-06 08:00:00
2068,16,1,2638.45,1.6,Empaques y Desechables MX,2025-10-06 08:00:00
2069,17,1,3476.06,0.86,Empaques y Desechables MX,2025-10-06 08:00:00
2070,18,1,36.82,22.72,Insumos Generales Toluca,2025-10-06 08:00:00
2071,1,2,21.59,244.23,Café Origen SA,2025-10-06 08:00:00
2072,2,2,313.78,26.7,Lácteos del Valle,2025-10-06 08:00:00
2073,3,2,57.27,50.85,Lácteos del Valle,2025-10-06 08:00:00
2074,4,2,3986.7,0.37,Distribuidora Sabores MX,2025-10-06 08:00:00
2075,5,2,3300.72,0.35,Distribuidora Sabores MX,2025-10-06 08:00:00
2076,6,2,18.8,190.05,Distribuidora Sabores MX,2025-10-06 08:00:00
2077,7,2,226.34,6.49,Insumos Generales Toluca,2025-10-06 08:00:00
2078,8,2,466.46,4.94,Panificadora San José,2025-10-06 08:00:00
2079,9,2,31.14,149.84,Carnes Selectas,2025-10-06 08:00:00
2080,10,2,19.6,153.02,Lácteos del Valle,2025-10-06 08:00:00
2081,11,2,305.15,12.15,Panificadora San José,2025-10-06 08:00:00
2082,12,2,18.47,143.3,Lácteos del Valle,2025-10-06 08:00:00
2083,13,2,449.9,1.78,Insumos Generales Toluca,2025-10-06 08:00:00
2084,14,2,51.54,56.58,Insumos Generales Toluca,2025-10-06 08:00:00
2085,15,2,3238.76,1.31,Empaques y Desechables MX,2025-10-06 08:00:00
2086,16,2,3281.11,1.54,Empaques y Desechables MX,2025-10-06 08:00:00
2087,17,2,3441.36,0.86,Empaques y Desechables MX,2025-10-06 08:00:00
2088,18,2,28.96,21.92,Insumos Generales Toluca,2025-10-06 08:00:00
2089,1,1,27.38,235.42,Café Origen SA,2025-10-13 08:00:00
2090,2,1,244.79,24.84,Lácteos del Valle,2025-10-13 08:00:00
2091,3,1,58.44,47.4,Lácteos del Valle,2025-10-13 08:00:00
2092,4,1,3494.35,0.34,Distribuidora Sabores MX,2025-10-13 08:00:00
2093,5,1,5375.11,0.32,Distribuidora Sabores MX,2025-10-13 08:00:00
2094,6,1,16.89,205.96,Distribuidora Sabores MX,2025-10-13 08:00:00
2095,7,1,183.37,6.46,Insumos Generales Toluca,2025-10-13 08:00:00
2096,8,1,416.36,5.16,Panificadora San José,2025-10-13 08:00:00
2097,9,1,22.95,154.7,Carnes Selectas,2025-10-13 08:00:00
2098,10,1,19.01,170.08,Lácteos del Valle,2025-10-13 08:00:00
2099,11,1,328.74,12.72,Panificadora San José,2025-10-13 08:00:00
2100,12,1,14.63,137.7,Lácteos del Valle,2025-10-13 08:00:00
2101,13,1,436.69,1.9,Insumos Generales Toluca,2025-10-13 08:00:00
2102,14,1,33.45,61.77,Insumos Generales Toluca,2025-10-13 08:00:00
2103,15,1,2599.38,1.31,Empaques y Desechables MX,2025-10-13 08:00:00
2104,16,1,3088.66,1.6,Empaques y Desechables MX,2025-10-13 08:00:00
2105,17,1,3063.48,0.83,Empaques y Desechables MX,2025-10-13 08:00:00
2106,18,1,38.23,23.9,Insumos Generales Toluca,2025-10-13 08:00:00
2107,1,2,28.66,241.09,Café Origen SA,2025-10-13 08:00:00
2108,2,2,260.4,25.33,Lácteos del Valle,2025-10-13 08:00:00
2109,3,2,55.68,47.1,Lácteos del Valle,2025-10-13 08:00:00
2110,4,2,4148.93,0.39,Distribuidora Sabores MX,2025-10-13 08:00:00
2111,5,2,2944.66,0.37,Distribuidora Sabores MX,2025-10-13 08:00:00
2112,6,2,12.56,189.85,Distribuidora Sabores MX,2025-10-13 08:00:00
2113,7,2,238.49,6.3,Insumos Generales Toluca,2025-10-13 08:00:00
2114,8,2,401.81,4.66,Panificadora San José,2025-10-13 08:00:00
2115,9,2,20.92,138.15,Carnes Selectas,2025-10-13 08:00:00
2116,10,2,21.2,163.55,Lácteos del Valle,2025-10-13 08:00:00
2117,11,2,302.64,12.91,Panificadora San José,2025-10-13 08:00:00
2118,12,2,16.71,135.45,Lácteos del Valle,2025-10-13 08:00:00
2119,13,2,487.2,1.85,Insumos Generales Toluca,2025-10-13 08:00:00
2120,14,2,46.65,64.78,Insumos Generales Toluca,2025-10-13 08:00:00
2121,15,2,3618.47,1.35,Empaques y Desechables MX,2025-10-13 08:00:00
2122,16,2,3275.27,1.59,Empaques y Desechables MX,2025-10-13 08:00:00
2123,17,2,3166.58,0.81,Empaques y Desechables MX,2025-10-13 08:00:00
2124,18,2,40.97,23.37,Insumos Generales Toluca,2025-10-13 08:00:00
2125,1,1,28.38,228.34,Café Origen SA,2025-10-20 08:00:00
2126,2,1,323.58,24.84,Lácteos del Valle,2025-10-20 08:00:00
2127,3,1,62.31,47.99,Lácteos del Valle,2025-10-20 08:00:00
2128,4,1,4532.6,0.35,Distribuidora Sabores MX,2025-10-20 08:00:00
2129,5,1,5063.5,0.34,Distribuidora Sabores MX,2025-10-20 08:00:00
2130,6,1,14.15,206.25,Distribuidora Sabores MX,2025-10-20 08:00:00
2131,7,1,163.38,6.53,Insumos Generales Toluca,2025-10-20 08:00:00
2132,8,1,462.88,4.87,Panificadora San José,2025-10-20 08:00:00
2133,9,1,24.17,146.64,Carnes Selectas,2025-10-20 08:00:00
2134,10,1,18.19,163.69,Lácteos del Valle,2025-10-20 08:00:00
2135,11,1,278.19,12.53,Panificadora San José,2025-10-20 08:00:00
2136,12,1,12.61,133.71,Lácteos del Valle,2025-10-20 08:00:00
2137,13,1,419.83,1.77,Insumos Generales Toluca,2025-10-20 08:00:00
2138,14,1,35.88,59.31,Insumos Generales Toluca,2025-10-20 08:00:00
2139,15,1,3427.56,1.3,Empaques y Desechables MX,2025-10-20 08:00:00
2140,16,1,3003.95,1.65,Empaques y Desechables MX,2025-10-20 08:00:00
2141,17,1,3113.17,0.81,Empaques y Desechables MX,2025-10-20 08:00:00
2142,18,1,48.71,23.28,Insumos Generales Toluca,2025-10-20 08:00:00
2143,1,2,25.97,222.65,Café Origen SA,2025-10-20 08:00:00
2144,2,2,238.92,26.44,Lácteos del Valle,2025-10-20 08:00:00
2145,3,2,64.63,50.39,Lácteos del Valle,2025-10-20 08:00:00
2146,4,2,4779.57,0.39,Distribuidora Sabores MX,2025-10-20 08:00:00
2147,5,2,4246.0,0.34,Distribuidora Sabores MX,2025-10-20 08:00:00
2148,6,2,17.48,192.07,Distribuidora Sabores MX,2025-10-20 08:00:00
2149,7,2,162.8,6.18,Insumos Generales Toluca,2025-10-20 08:00:00
2150,8,2,299.32,4.8,Panificadora San José,2025-10-20 08:00:00
2151,9,2,24.14,146.55,Carnes Selectas,2025-10-20 08:00:00
2152,10,2,20.0,163.77,Lácteos del Valle,2025-10-20 08:00:00
2153,11,2,397.16,12.6,Panificadora San José,2025-10-20 08:00:00
2154,12,2,17.68,144.49,Lácteos del Valle,2025-10-20 08:00:00
2155,13,2,493.69,1.89,Insumos Generales Toluca,2025-10-20 08:00:00
2156,14,2,44.4,55.55,Insumos Generales Toluca,2025-10-20 08:00:00
2157,15,2,4033.18,1.32,Empaques y Desechables MX,2025-10-20 08:00:00
2158,16,2,3184.16,1.54,Empaques y Desechables MX,2025-10-20 08:00:00
2159,17,2,2796.6,0.86,Empaques y Desechables MX,2025-10-20 08:00:00
2160,18,2,31.38,23.74,Insumos Generales Toluca,2025-10-20 08:00:00
2161,1,1,19.7,221.71,Café Origen SA,2025-10-27 08:00:00
2162,2,1,255.37,25.71,Lácteos del Valle,2025-10-27 08:00:00
2163,3,1,41.9,48.08,Lácteos del Valle,2025-10-27 08:00:00
2164,4,1,4503.85,0.38,Distribuidora Sabores MX,2025-10-27 08:00:00
2165,5,1,5499.81,0.39,Distribuidora Sabores MX,2025-10-27 08:00:00
2166,6,1,11.28,195.79,Distribuidora Sabores MX,2025-10-27 08:00:00
2167,7,1,163.85,6.36,Insumos Generales Toluca,2025-10-27 08:00:00
2168,8,1,432.26,4.85,Panificadora San José,2025-10-27 08:00:00
2169,9,1,26.95,162.39,Carnes Selectas,2025-10-27 08:00:00
2170,10,1,22.76,171.01,Lácteos del Valle,2025-10-27 08:00:00
2171,11,1,266.08,13.25,Panificadora San José,2025-10-27 08:00:00
2172,12,1,18.97,151.49,Lácteos del Valle,2025-10-27 08:00:00
2173,13,1,437.82,1.97,Insumos Generales Toluca,2025-10-27 08:00:00
2174,14,1,39.43,60.23,Insumos Generales Toluca,2025-10-27 08:00:00
2175,15,1,2206.14,1.27,Empaques y Desechables MX,2025-10-27 08:00:00
2176,16,1,2936.3,1.56,Empaques y Desechables MX,2025-10-27 08:00:00
2177,17,1,3268.59,0.83,Empaques y Desechables MX,2025-10-27 08:00:00
2178,18,1,37.45,23.82,Insumos Generales Toluca,2025-10-27 08:00:00
2179,1,2,23.82,252.45,Café Origen SA,2025-10-27 08:00:00
2180,2,2,202.74,26.02,Lácteos del Valle,2025-10-27 08:00:00
2181,3,2,58.4,49.42,Lácteos del Valle,2025-10-27 08:00:00
2182,4,2,4646.49,0.38,Distribuidora Sabores MX,2025-10-27 08:00:00
2183,5,2,3394.17,0.38,Distribuidora Sabores MX,2025-10-27 08:00:00
2184,6,2,19.38,188.3,Distribuidora Sabores MX,2025-10-27 08:00:00
2185,7,2,196.34,7.05,Insumos Generales Toluca,2025-10-27 08:00:00
2186,8,2,305.62,4.84,Panificadora San José,2025-10-27 08:00:00
2187,9,2,21.63,153.2,Carnes Selectas,2025-10-27 08:00:00
2188,10,2,21.39,173.38,Lácteos del Valle,2025-10-27 08:00:00
2189,11,2,309.83,13.72,Panificadora San José,2025-10-27 08:00:00
2190,12,2,12.31,137.19,Lácteos del Valle,2025-10-27 08:00:00
2191,13,2,381.78,1.92,Insumos Generales Toluca,2025-10-27 08:00:00
2192,14,2,40.58,56.74,Insumos Generales Toluca,2025-10-27 08:00:00
2193,15,2,2651.9,1.29,Empaques y Desechables MX,2025-10-27 08:00:00
2194,16,2,3903.62,1.5,Empaques y Desechables MX,2025-10-27 08:00:00
2195,17,2,2352.11,0.81,Empaques y Desechables MX,2025-10-27 08:00:00
2196,18,2,30.0,22.05,Insumos Generales Toluca,2025-10-27 08:00:00
2197,1,1,23.19,234.27,Café Origen SA,2025-11-03 08:00:00
2198,2,1,303.92,27.77,Lácteos del Valle,2025-11-03 08:00:00
2199,3,1,56.39,46.86,Lácteos del Valle,2025-11-03 08:00:00
2200,4,1,3647.24,0.39,Distribuidora Sabores MX,2025-11-03 08:00:00
2201,5,1,4054.14,0.38,Distribuidora Sabores MX,2025-11-03 08:00:00
2202,6,1,15.13,186.28,Distribuidora Sabores MX,2025-11-03 08:00:00
2203,7,1,236.91,6.56,Insumos Generales Toluca,2025-11-03 08:00:00
2204,8,1,337.06,4.89,Panificadora San José,2025-11-03 08:00:00
2205,9,1,19.78,157.0,Carnes Selectas,2025-11-03 08:00:00
2206,10,1,21.79,160.04,Lácteos del Valle,2025-11-03 08:00:00
2207,11,1,257.28,13.11,Panificadora San José,2025-11-03 08:00:00
2208,12,1,14.53,131.19,Lácteos del Valle,2025-11-03 08:00:00
2209,13,1,452.21,2.08,Insumos Generales Toluca,2025-11-03 08:00:00
2210,14,1,44.6,58.94,Insumos Generales Toluca,2025-11-03 08:00:00
2211,15,1,2475.79,1.28,Empaques y Desechables MX,2025-11-03 08:00:00
2212,16,1,3351.05,1.58,Empaques y Desechables MX,2025-11-03 08:00:00
2213,17,1,3384.09,0.91,Empaques y Desechables MX,2025-11-03 08:00:00
2214,18,1,43.98,22.27,Insumos Generales Toluca,2025-11-03 08:00:00
2215,1,2,20.57,216.76,Café Origen SA,2025-11-03 08:00:00
2216,2,2,306.29,26.55,Lácteos del Valle,2025-11-03 08:00:00
2217,3,2,74.01,48.2,Lácteos del Valle,2025-11-03 08:00:00
2218,4,2,5118.4,0.39,Distribuidora Sabores MX,2025-11-03 08:00:00
2219,5,2,4233.28,0.38,Distribuidora Sabores MX,2025-11-03 08:00:00
2220,6,2,12.87,188.7,Distribuidora Sabores MX,2025-11-03 08:00:00
2221,7,2,132.61,6.47,Insumos Generales Toluca,2025-11-03 08:00:00
2222,8,2,442.46,5.17,Panificadora San José,2025-11-03 08:00:00
2223,9,2,23.08,143.69,Carnes Selectas,2025-11-03 08:00:00
2224,10,2,20.42,180.99,Lácteos del Valle,2025-11-03 08:00:00
2225,11,2,279.72,11.92,Panificadora San José,2025-11-03 08:00:00
2226,12,2,12.29,150.35,Lácteos del Valle,2025-11-03 08:00:00
2227,13,2,499.27,1.92,Insumos Generales Toluca,2025-11-03 08:00:00
2228,14,2,36.3,62.1,Insumos Generales Toluca,2025-11-03 08:00:00
2229,15,2,2888.71,1.3,Empaques y Desechables MX,2025-11-03 08:00:00
2230,16,2,2648.41,1.68,Empaques y Desechables MX,2025-11-03 08:00:00
2231,17,2,2523.58,0.78,Empaques y Desechables MX,2025-11-03 08:00:00
2232,18,2,49.37,22.23,Insumos Generales Toluca,2025-11-03 08:00:00
2233,1,1,25.37,227.02,Café Origen SA,2025-11-10 08:00:00
2234,2,1,279.86,26.39,Lácteos del Valle,2025-11-10 08:00:00
2235,3,1,64.44,48.92,Lácteos del Valle,2025-11-10 08:00:00
2236,4,1,3802.34,0.38,Distribuidora Sabores MX,2025-11-10 08:00:00
2237,5,1,4387.69,0.35,Distribuidora Sabores MX,2025-11-10 08:00:00
2238,6,1,13.27,210.51,Distribuidora Sabores MX,2025-11-10 08:00:00
2239,7,1,225.02,6.77,Insumos Generales Toluca,2025-11-10 08:00:00
2240,8,1,451.88,5.03,Panificadora San José,2025-11-10 08:00:00
2241,9,1,27.33,149.68,Carnes Selectas,2025-11-10 08:00:00
2242,10,1,16.29,172.19,Lácteos del Valle,2025-11-10 08:00:00
2243,11,1,231.63,12.92,Panificadora San José,2025-11-10 08:00:00
2244,12,1,14.44,138.93,Lácteos del Valle,2025-11-10 08:00:00
2245,13,1,368.52,1.96,Insumos Generales Toluca,2025-11-10 08:00:00
2246,14,1,48.06,61.07,Insumos Generales Toluca,2025-11-10 08:00:00
2247,15,1,3312.36,1.32,Empaques y Desechables MX,2025-11-10 08:00:00
2248,16,1,2891.19,1.62,Empaques y Desechables MX,2025-11-10 08:00:00
2249,17,1,2931.2,0.81,Empaques y Desechables MX,2025-11-10 08:00:00
2250,18,1,28.53,23.48,Insumos Generales Toluca,2025-11-10 08:00:00
2251,1,2,30.09,214.68,Café Origen SA,2025-11-10 08:00:00
2252,2,2,325.55,25.98,Lácteos del Valle,2025-11-10 08:00:00
2253,3,2,60.51,47.76,Lácteos del Valle,2025-11-10 08:00:00
2254,4,2,2904.92,0.38,Distribuidora Sabores MX,2025-11-10 08:00:00
2255,5,2,4159.68,0.37,Distribuidora Sabores MX,2025-11-10 08:00:00
2256,6,2,11.9,203.69,Distribuidora Sabores MX,2025-11-10 08:00:00
2257,7,2,135.61,6.09,Insumos Generales Toluca,2025-11-10 08:00:00
2258,8,2,426.61,4.65,Panificadora San José,2025-11-10 08:00:00
2259,9,2,15.71,161.48,Carnes Selectas,2025-11-10 08:00:00
2260,10,2,20.86,174.19,Lácteos del Valle,2025-11-10 08:00:00
2261,11,2,297.96,12.79,Panificadora San José,2025-11-10 08:00:00
2262,12,2,19.23,149.68,Lácteos del Valle,2025-11-10 08:00:00
2263,13,2,443.53,1.87,Insumos Generales Toluca,2025-11-10 08:00:00
2264,14,2,50.08,56.68,Insumos Generales Toluca,2025-11-10 08:00:00
2265,15,2,2741.83,1.22,Empaques y Desechables MX,2025-11-10 08:00:00
2266,16,2,2815.75,1.64,Empaques y Desechables MX,2025-11-10 08:00:00
2267,17,2,3100.56,0.83,Empaques y Desechables MX,2025-11-10 08:00:00
2268,18,2,54.9,22.23,Insumos Generales Toluca,2025-11-10 08:00:00
2269,1,1,22.14,231.53,Café Origen SA,2025-11-17 08:00:00
2270,2,1,329.41,23.79,Lácteos del Valle,2025-11-17 08:00:00
2271,3,1,60.88,49.42,Lácteos del Valle,2025-11-17 08:00:00
2272,4,1,4135.56,0.37,Distribuidora Sabores MX,2025-11-17 08:00:00
2273,5,1,3377.93,0.36,Distribuidora Sabores MX,2025-11-17 08:00:00
2274,6,1,13.02,185.78,Distribuidora Sabores MX,2025-11-17 08:00:00
2275,7,1,169.05,6.6,Insumos Generales Toluca,2025-11-17 08:00:00
2276,8,1,369.85,5.02,Panificadora San José,2025-11-17 08:00:00
2277,9,1,25.58,152.44,Carnes Selectas,2025-11-17 08:00:00
2278,10,1,23.85,176.7,Lácteos del Valle,2025-11-17 08:00:00
2279,11,1,246.61,12.93,Panificadora San José,2025-11-17 08:00:00
2280,12,1,13.38,135.2,Lácteos del Valle,2025-11-17 08:00:00
2281,13,1,463.77,1.95,Insumos Generales Toluca,2025-11-17 08:00:00
2282,14,1,47.72,59.81,Insumos Generales Toluca,2025-11-17 08:00:00
2283,15,1,3333.26,1.32,Empaques y Desechables MX,2025-11-17 08:00:00
2284,16,1,2929.65,1.61,Empaques y Desechables MX,2025-11-17 08:00:00
2285,17,1,3204.63,0.83,Empaques y Desechables MX,2025-11-17 08:00:00
2286,18,1,46.15,23.43,Insumos Generales Toluca,2025-11-17 08:00:00
2287,1,2,24.35,236.83,Café Origen SA,2025-11-17 08:00:00
2288,2,2,269.53,26.02,Lácteos del Valle,2025-11-17 08:00:00
2289,3,2,67.61,47.39,Lácteos del Valle,2025-11-17 08:00:00
2290,4,2,3893.56,0.36,Distribuidora Sabores MX,2025-11-17 08:00:00
2291,5,2,3875.75,0.37,Distribuidora Sabores MX,2025-11-17 08:00:00
2292,6,2,14.07,187.67,Distribuidora Sabores MX,2025-11-17 08:00:00
2293,7,2,224.62,6.42,Insumos Generales Toluca,2025-11-17 08:00:00
2294,8,2,349.54,4.91,Panificadora San José,2025-11-17 08:00:00
2295,9,2,23.02,148.78,Carnes Selectas,2025-11-17 08:00:00
2296,10,2,25.41,159.97,Lácteos del Valle,2025-11-17 08:00:00
2297,11,2,313.16,12.56,Panificadora San José,2025-11-17 08:00:00
2298,12,2,16.62,129.48,Lácteos del Valle,2025-11-17 08:00:00
2299,13,2,490.77,2.04,Insumos Generales Toluca,2025-11-17 08:00:00
2300,14,2,39.83,57.99,Insumos Generales Toluca,2025-11-17 08:00:00
2301,15,2,2790.93,1.27,Empaques y Desechables MX,2025-11-17 08:00:00
2302,16,2,3303.37,1.66,Empaques y Desechables MX,2025-11-17 08:00:00
2303,17,2,2559.36,0.89,Empaques y Desechables MX,2025-11-17 08:00:00
2304,18,2,33.45,23.15,Insumos Generales Toluca,2025-11-17 08:00:00
2305,1,1,23.5,243.08,Café Origen SA,2025-11-24 08:00:00
2306,2,1,329.8,27.0,Lácteos del Valle,2025-11-24 08:00:00
2307,3,1,64.79,49.34,Lácteos del Valle,2025-11-24 08:00:00
2308,4,1,2677.38,0.37,Distribuidora Sabores MX,2025-11-24 08:00:00
2309,5,1,3829.51,0.35,Distribuidora Sabores MX,2025-11-24 08:00:00
2310,6,1,14.06,198.54,Distribuidora Sabores MX,2025-11-24 08:00:00
2311,7,1,227.1,6.45,Insumos Generales Toluca,2025-11-24 08:00:00
2312,8,1,383.58,4.87,Panificadora San José,2025-11-24 08:00:00
2313,9,1,22.6,158.81,Carnes Selectas,2025-11-24 08:00:00
2314,10,1,18.09,160.24,Lácteos del Valle,2025-11-24 08:00:00
2315,11,1,374.22,12.99,Panificadora San José,2025-11-24 08:00:00
2316,12,1,14.58,143.13,Lácteos del Valle,2025-11-24 08:00:00
2317,13,1,582.63,1.99,Insumos Generales Toluca,2025-11-24 08:00:00
2318,14,1,48.16,55.8,Insumos Generales Toluca,2025-11-24 08:00:00
2319,15,1,3066.82,1.3,Empaques y Desechables MX,2025-11-24 08:00:00
2320,16,1,3393.34,1.58,Empaques y Desechables MX,2025-11-24 08:00:00
2321,17,1,3046.25,0.87,Empaques y Desechables MX,2025-11-24 08:00:00
2322,18,1,27.58,22.85,Insumos Generales Toluca,2025-11-24 08:00:00
2323,1,2,30.25,221.66,Café Origen SA,2025-11-24 08:00:00
2324,2,2,289.43,24.6,Lácteos del Valle,2025-11-24 08:00:00
2325,3,2,77.4,50.56,Lácteos del Valle,2025-11-24 08:00:00
2326,4,2,2421.89,0.37,Distribuidora Sabores MX,2025-11-24 08:00:00
2327,5,2,3149.1,0.38,Distribuidora Sabores MX,2025-11-24 08:00:00
2328,6,2,15.38,196.44,Distribuidora Sabores MX,2025-11-24 08:00:00
2329,7,2,219.88,6.65,Insumos Generales Toluca,2025-11-24 08:00:00
2330,8,2,347.06,4.9,Panificadora San José,2025-11-24 08:00:00
2331,9,2,30.81,155.41,Carnes Selectas,2025-11-24 08:00:00
2332,10,2,24.91,168.59,Lácteos del Valle,2025-11-24 08:00:00
2333,11,2,260.83,12.8,Panificadora San José,2025-11-24 08:00:00
2334,12,2,15.18,137.57,Lácteos del Valle,2025-11-24 08:00:00
2335,13,2,480.44,1.92,Insumos Generales Toluca,2025-11-24 08:00:00
2336,14,2,40.76,60.18,Insumos Generales Toluca,2025-11-24 08:00:00
2337,15,2,2551.05,1.42,Empaques y Desechables MX,2025-11-24 08:00:00
2338,16,2,3090.23,1.6,Empaques y Desechables MX,2025-11-24 08:00:00
2339,17,2,2463.31,0.89,Empaques y Desechables MX,2025-11-24 08:00:00
2340,18,2,43.5,23.53,Insumos Generales Toluca,2025-11-24 08:00:00
2341,1,1,26.47,234.74,Café Origen SA,2025-12-01 08:00:00
2342,2,1,393.16,25.07,Lácteos del Valle,2025-12-01 08:00:00
2343,3,1,68.68,48.42,Lácteos del Valle,2025-12-01 08:00:00
2344,4,1,4890.15,0.39,Distribuidora Sabores MX,2025-12-01 08:00:00
2345,5,1,4965.76,0.38,Distribuidora Sabores MX,2025-12-01 08:00:00
2346,6,1,13.62,196.94,Distribuidora Sabores MX,2025-12-01 08:00:00
2347,7,1,217.68,6.69,Insumos Generales Toluca,2025-12-01 08:00:00
2348,8,1,409.85,4.6,Panificadora San José,2025-12-01 08:00:00
2349,9,1,23.12,152.52,Carnes Selectas,2025-12-01 08:00:00
2350,10,1,20.42,176.02,Lácteos del Valle,2025-12-01 08:00:00
2351,11,1,266.76,13.11,Panificadora San José,2025-12-01 08:00:00
2352,12,1,15.54,139.93,Lácteos del Valle,2025-12-01 08:00:00
2353,13,1,519.92,1.98,Insumos Generales Toluca,2025-12-01 08:00:00
2354,14,1,39.92,61.05,Insumos Generales Toluca,2025-12-01 08:00:00
2355,15,1,3437.52,1.33,Empaques y Desechables MX,2025-12-01 08:00:00
2356,16,1,3048.79,1.7,Empaques y Desechables MX,2025-12-01 08:00:00
2357,17,1,2201.43,0.85,Empaques y Desechables MX,2025-12-01 08:00:00
2358,18,1,36.37,24.25,Insumos Generales Toluca,2025-12-01 08:00:00
2359,1,2,21.31,228.4,Café Origen SA,2025-12-01 08:00:00
2360,2,2,308.04,25.47,Lácteos del Valle,2025-12-01 08:00:00
2361,3,2,54.87,44.71,Lácteos del Valle,2025-12-01 08:00:00
2362,4,2,4352.32,0.37,Distribuidora Sabores MX,2025-12-01 08:00:00
2363,5,2,4144.13,0.38,Distribuidora Sabores MX,2025-12-01 08:00:00
2364,6,2,13.79,181.61,Distribuidora Sabores MX,2025-12-01 08:00:00
2365,7,2,257.21,6.37,Insumos Generales Toluca,2025-12-01 08:00:00
2366,8,2,451.45,4.75,Panificadora San José,2025-12-01 08:00:00
2367,9,2,23.21,159.99,Carnes Selectas,2025-12-01 08:00:00
2368,10,2,20.49,182.6,Lácteos del Valle,2025-12-01 08:00:00
2369,11,2,299.64,12.65,Panificadora San José,2025-12-01 08:00:00
2370,12,2,15.1,137.52,Lácteos del Valle,2025-12-01 08:00:00
2371,13,2,466.9,1.88,Insumos Generales Toluca,2025-12-01 08:00:00
2372,14,2,29.38,59.56,Insumos Generales Toluca,2025-12-01 08:00:00
2373,15,2,3066.14,1.33,Empaques y Desechables MX,2025-12-01 08:00:00
2374,16,2,3072.76,1.52,Empaques y Desechables MX,2025-12-01 08:00:00
2375,17,2,3701.23,0.8,Empaques y Desechables MX,2025-12-01 08:00:00
2376,18,2,30.0,24.53,Insumos Generales Toluca,2025-12-01 08:00:00
2377,1,1,33.11,232.3,Café Origen SA,2025-12-08 08:00:00
2378,2,1,384.62,26.81,Lácteos del Valle,2025-12-08 08:00:00
2379,3,1,54.77,49.79,Lácteos del Valle,2025-12-08 08:00:00
2380,4,1,3378.11,0.39,Distribuidora Sabores MX,2025-12-08 08:00:00
2381,5,1,3676.17,0.4,Distribuidora Sabores MX,2025-12-08 08:00:00
2382,6,1,13.49,206.34,Distribuidora Sabores MX,2025-12-08 08:00:00
2383,7,1,249.71,6.45,Insumos Generales Toluca,2025-12-08 08:00:00
2384,8,1,472.12,4.92,Panificadora San José,2025-12-08 08:00:00
2385,9,1,23.79,154.95,Carnes Selectas,2025-12-08 08:00:00
2386,10,1,24.31,176.36,Lácteos del Valle,2025-12-08 08:00:00
2387,11,1,365.24,12.96,Panificadora San José,2025-12-08 08:00:00
2388,12,1,12.33,141.13,Lácteos del Valle,2025-12-08 08:00:00
2389,13,1,368.7,2.04,Insumos Generales Toluca,2025-12-08 08:00:00
2390,14,1,46.27,61.25,Insumos Generales Toluca,2025-12-08 08:00:00
2391,15,1,3325.39,1.35,Empaques y Desechables MX,2025-12-08 08:00:00
2392,16,1,3368.8,1.58,Empaques y Desechables MX,2025-12-08 08:00:00
2393,17,1,2681.39,0.81,Empaques y Desechables MX,2025-12-08 08:00:00
2394,18,1,41.85,23.87,Insumos Generales Toluca,2025-12-08 08:00:00
2395,1,2,19.1,244.62,Café Origen SA,2025-12-08 08:00:00
2396,2,2,269.37,26.43,Lácteos del Valle,2025-12-08 08:00:00
2397,3,2,60.83,46.42,Lácteos del Valle,2025-12-08 08:00:00
2398,4,2,4682.5,0.37,Distribuidora Sabores MX,2025-12-08 08:00:00
2399,5,2,4709.98,0.41,Distribuidora Sabores MX,2025-12-08 08:00:00
2400,6,2,14.13,203.59,Distribuidora Sabores MX,2025-12-08 08:00:00
2401,7,2,210.9,6.31,Insumos Generales Toluca,2025-12-08 08:00:00
2402,8,2,429.11,4.75,Panificadora San José,2025-12-08 08:00:00
2403,9,2,25.36,149.77,Carnes Selectas,2025-12-08 08:00:00
2404,10,2,16.96,169.84,Lácteos del Valle,2025-12-08 08:00:00
2405,11,2,268.68,13.13,Panificadora San José,2025-12-08 08:00:00
2406,12,2,16.55,135.71,Lácteos del Valle,2025-12-08 08:00:00
2407,13,2,575.73,1.96,Insumos Generales Toluca,2025-12-08 08:00:00
2408,14,2,51.5,59.49,Insumos Generales Toluca,2025-12-08 08:00:00
2409,15,2,4207.34,1.34,Empaques y Desechables MX,2025-12-08 08:00:00
2410,16,2,3177.73,1.59,Empaques y Desechables MX,2025-12-08 08:00:00
2411,17,2,2980.33,0.86,Empaques y Desechables MX,2025-12-08 08:00:00
2412,18,2,39.59,24.08,Insumos Generales Toluca,2025-12-08 08:00:00
2413,1,1,21.02,238.39,Café Origen SA,2025-12-15 08:00:00
2414,2,1,268.84,25.08,Lácteos del Valle,2025-12-15 08:00:00
2415,3,1,70.5,51.3,Lácteos del Valle,2025-12-15 08:00:00
2416,4,1,4508.9,0.38,Distribuidora Sabores MX,2025-12-15 08:00:00
2417,5,1,3268.34,0.4,Distribuidora Sabores MX,2025-12-15 08:00:00
2418,6,1,18.04,210.7,Distribuidora Sabores MX,2025-12-15 08:00:00
2419,7,1,214.3,6.57,Insumos Generales Toluca,2025-12-15 08:00:00
2420,8,1,358.12,5.19,Panificadora San José,2025-12-15 08:00:00
2421,9,1,20.87,141.96,Carnes Selectas,2025-12-15 08:00:00
2422,10,1,20.35,156.98,Lácteos del Valle,2025-12-15 08:00:00
2423,11,1,314.06,12.78,Panificadora San José,2025-12-15 08:00:00
2424,12,1,11.41,137.81,Lácteos del Valle,2025-12-15 08:00:00
2425,13,1,475.11,1.97,Insumos Generales Toluca,2025-12-15 08:00:00
2426,14,1,39.6,61.41,Insumos Generales Toluca,2025-12-15 08:00:00
2427,15,1,3440.72,1.34,Empaques y Desechables MX,2025-12-15 08:00:00
2428,16,1,3333.71,1.63,Empaques y Desechables MX,2025-12-15 08:00:00
2429,17,1,3204.3,0.91,Empaques y Desechables MX,2025-12-15 08:00:00
2430,18,1,42.61,22.66,Insumos Generales Toluca,2025-12-15 08:00:00
2431,1,2,23.8,247.51,Café Origen SA,2025-12-15 08:00:00
2432,2,2,370.95,26.1,Lácteos del Valle,2025-12-15 08:00:00
2433,3,2,74.54,49.7,Lácteos del Valle,2025-12-15 08:00:00
2434,4,2,4754.4,0.4,Distribuidora Sabores MX,2025-12-15 08:00:00
2435,5,2,4698.82,0.38,Distribuidora Sabores MX,2025-12-15 08:00:00
2436,6,2,14.73,206.42,Distribuidora Sabores MX,2025-12-15 08:00:00
2437,7,2,216.85,6.4,Insumos Generales Toluca,2025-12-15 08:00:00
2438,8,2,356.96,4.8,Panificadora San José,2025-12-15 08:00:00
2439,9,2,34.21,167.06,Carnes Selectas,2025-12-15 08:00:00
2440,10,2,18.09,163.33,Lácteos del Valle,2025-12-15 08:00:00
2441,11,2,266.79,13.46,Panificadora San José,2025-12-15 08:00:00
2442,12,2,17.29,137.35,Lácteos del Valle,2025-12-15 08:00:00
2443,13,2,478.0,1.93,Insumos Generales Toluca,2025-12-15 08:00:00
2444,14,2,36.84,61.69,Insumos Generales Toluca,2025-12-15 08:00:00
2445,15,2,2983.28,1.23,Empaques y Desechables MX,2025-12-15 08:00:00
2446,16,2,2996.34,1.61,Empaques y Desechables MX,2025-12-15 08:00:00
2447,17,2,3146.14,0.87,Empaques y Desechables MX,2025-12-15 08:00:00
2448,18,2,28.26,22.54,Insumos Generales Toluca,2025-12-15 08:00:00
2449,1,1,22.56,234.05,Café Origen SA,2025-12-22 08:00:00
2450,2,1,214.97,24.4,Lácteos del Valle,2025-12-22 08:00:00
2451,3,1,58.31,49.63,Lácteos del Valle,2025-12-22 08:00:00
2452,4,1,4150.6,0.39,Distribuidora Sabores MX,2025-12-22 08:00:00
2453,5,1,3708.47,0.33,Distribuidora Sabores MX,2025-12-22 08:00:00
2454,6,1,17.45,199.01,Distribuidora Sabores MX,2025-12-22 08:00:00
2455,7,1,241.47,6.82,Insumos Generales Toluca,2025-12-22 08:00:00
2456,8,1,544.09,4.78,Panificadora San José,2025-12-22 08:00:00
2457,9,1,18.65,156.84,Carnes Selectas,2025-12-22 08:00:00
2458,10,1,23.26,184.26,Lácteos del Valle,2025-12-22 08:00:00
2459,11,1,288.13,13.04,Panificadora San José,2025-12-22 08:00:00
2460,12,1,17.96,131.86,Lácteos del Valle,2025-12-22 08:00:00
2461,13,1,564.97,1.83,Insumos Generales Toluca,2025-12-22 08:00:00
2462,14,1,34.17,58.2,Insumos Generales Toluca,2025-12-22 08:00:00
2463,15,1,2835.44,1.35,Empaques y Desechables MX,2025-12-22 08:00:00
2464,16,1,2575.65,1.66,Empaques y Desechables MX,2025-12-22 08:00:00
2465,17,1,3208.03,0.83,Empaques y Desechables MX,2025-12-22 08:00:00
2466,18,1,27.99,24.44,Insumos Generales Toluca,2025-12-22 08:00:00
2467,1,2,22.94,237.84,Café Origen SA,2025-12-22 08:00:00
2468,2,2,249.92,25.77,Lácteos del Valle,2025-12-22 08:00:00
2469,3,2,58.8,48.46,Lácteos del Valle,2025-12-22 08:00:00
2470,4,2,4439.33,0.39,Distribuidora Sabores MX,2025-12-22 08:00:00
2471,5,2,3447.0,0.37,Distribuidora Sabores MX,2025-12-22 08:00:00
2472,6,2,11.53,200.58,Distribuidora Sabores MX,2025-12-22 08:00:00
2473,7,2,167.34,6.55,Insumos Generales Toluca,2025-12-22 08:00:00
2474,8,2,260.31,4.76,Panificadora San José,2025-12-22 08:00:00
2475,9,2,25.7,150.96,Carnes Selectas,2025-12-22 08:00:00
2476,10,2,14.18,182.76,Lácteos del Valle,2025-12-22 08:00:00
2477,11,2,297.2,13.85,Panificadora San José,2025-12-22 08:00:00
2478,12,2,17.05,150.41,Lácteos del Valle,2025-12-22 08:00:00
2479,13,2,400.95,1.97,Insumos Generales Toluca,2025-12-22 08:00:00
2480,14,2,51.77,58.98,Insumos Generales Toluca,2025-12-22 08:00:00
2481,15,2,3438.27,1.37,Empaques y Desechables MX,2025-12-22 08:00:00
2482,16,2,3633.17,1.5,Empaques y Desechables MX,2025-12-22 08:00:00
2483,17,2,3629.01,0.88,Empaques y Desechables MX,2025-12-22 08:00:00
2484,18,2,31.22,25.61,Insumos Generales Toluca,2025-12-22 08:00:00
2485,1,1,18.37,245.97,Café Origen SA,2025-12-29 08:00:00
2486,2,1,382.54,26.02,Lácteos del Valle,2025-12-29 08:00:00
2487,3,1,64.76,50.27,Lácteos del Valle,2025-12-29 08:00:00
2488,4,1,3169.3,0.37,Distribuidora Sabores MX,2025-12-29 08:00:00
2489,5,1,4318.49,0.38,Distribuidora Sabores MX,2025-12-29 08:00:00
2490,6,1,14.52,204.23,Distribuidora Sabores MX,2025-12-29 08:00:00
2491,7,1,206.86,6.28,Insumos Generales Toluca,2025-12-29 08:00:00
2492,8,1,488.6,5.09,Panificadora San José,2025-12-29 08:00:00
2493,9,1,29.84,157.65,Carnes Selectas,2025-12-29 08:00:00
2494,10,1,17.6,175.15,Lácteos del Valle,2025-12-29 08:00:00
2495,11,1,314.31,12.71,Panificadora San José,2025-12-29 08:00:00
2496,12,1,14.78,146.91,Lácteos del Valle,2025-12-29 08:00:00
2497,13,1,534.38,1.96,Insumos Generales Toluca,2025-12-29 08:00:00
2498,14,1,36.17,59.21,Insumos Generales Toluca,2025-12-29 08:00:00
2499,15,1,3320.33,1.37,Empaques y Desechables MX,2025-12-29 08:00:00
2500,16,1,3532.46,1.5,Empaques y Desechables MX,2025-12-29 08:00:00
2501,17,1,2940.84,0.92,Empaques y Desechables MX,2025-12-29 08:00:00
2502,18,1,47.54,24.77,Insumos Generales Toluca,2025-12-29 08:00:00
2503,1,2,20.87,230.73,Café Origen SA,2025-12-29 08:00:00
2504,2,2,311.72,25.32,Lácteos del Valle,2025-12-29 08:00:00
2505,3,2,55.35,51.14,Lácteos del Valle,2025-12-29 08:00:00
2506,4,2,4054.55,0.38,Distribuidora Sabores MX,2025-12-29 08:00:00
2507,5,2,4018.01,0.41,Distribuidora Sabores MX,2025-12-29 08:00:00
2508,6,2,15.18,201.92,Distribuidora Sabores MX,2025-12-29 08:00:00
2509,7,2,251.06,6.32,Insumos Generales Toluca,2025-12-29 08:00:00
2510,8,2,448.29,4.83,Panificadora San José,2025-12-29 08:00:00
2511,9,2,26.52,153.93,Carnes Selectas,2025-12-29 08:00:00
2512,10,2,19.41,174.78,Lácteos del Valle,2025-12-29 08:00:00
2513,11,2,251.4,12.71,Panificadora San José,2025-12-29 08:00:00
2514,12,2,14.64,145.7,Lácteos del Valle,2025-12-29 08:00:00
2515,13,2,484.58,1.88,Insumos Generales Toluca,2025-12-29 08:00:00
2516,14,2,46.03,57.61,Insumos Generales Toluca,2025-12-29 08:00:00
2517,15,2,2324.89,1.36,Empaques y Desechables MX,2025-12-29 08:00:00
2518,16,2,2729.91,1.72,Empaques y Desechables MX,2025-12-29 08:00:00
2519,17,2,3278.34,0.88,Empaques y Desechables MX,2025-12-29 08:00:00
2520,18,2,43.62,24.45,Insumos Generales Toluca,2025-12-29 08:00:00
2521,1,1,22.63,242.75,Café Origen SA,2026-01-05 08:00:00
2522,2,1,275.62,25.68,Lácteos del Valle,2026-01-05 08:00:00
2523,3,1,67.64,49.53,Lácteos del Valle,2026-01-05 08:00:00
2524,4,1,4815.7,0.38,Distribuidora Sabores MX,2026-01-05 08:00:00
2525,5,1,4647.13,0.39,Distribuidora Sabores MX,2026-01-05 08:00:00
2526,6,1,12.63,208.29,Distribuidora Sabores MX,2026-01-05 08:00:00
2527,7,1,165.67,6.62,Insumos Generales Toluca,2026-01-05 08:00:00
2528,8,1,382.43,4.7,Panificadora San José,2026-01-05 08:00:00
2529,9,1,21.27,144.45,Carnes Selectas,2026-01-05 08:00:00
2530,10,1,20.72,177.44,Lácteos del Valle,2026-01-05 08:00:00
2531,11,1,290.56,13.36,Panificadora San José,2026-01-05 08:00:00
2532,12,1,14.36,135.76,Lácteos del Valle,2026-01-05 08:00:00
2533,13,1,521.92,1.97,Insumos Generales Toluca,2026-01-05 08:00:00
2534,14,1,43.33,60.88,Insumos Generales Toluca,2026-01-05 08:00:00
2535,15,1,2849.48,1.34,Empaques y Desechables MX,2026-01-05 08:00:00
2536,16,1,3261.44,1.6,Empaques y Desechables MX,2026-01-05 08:00:00
2537,17,1,3505.67,0.86,Empaques y Desechables MX,2026-01-05 08:00:00
2538,18,1,37.44,24.96,Insumos Generales Toluca,2026-01-05 08:00:00
2539,1,2,37.48,226.4,Café Origen SA,2026-01-05 08:00:00
2540,2,2,307.17,27.1,Lácteos del Valle,2026-01-05 08:00:00
2541,3,2,59.31,50.13,Lácteos del Valle,2026-01-05 08:00:00
2542,4,2,4346.58,0.38,Distribuidora Sabores MX,2026-01-05 08:00:00
2543,5,2,3840.01,0.39,Distribuidora Sabores MX,2026-01-05 08:00:00
2544,6,2,14.78,189.01,Distribuidora Sabores MX,2026-01-05 08:00:00
2545,7,2,155.02,6.41,Insumos Generales Toluca,2026-01-05 08:00:00
2546,8,2,367.45,4.67,Panificadora San José,2026-01-05 08:00:00
2547,9,2,29.06,153.95,Carnes Selectas,2026-01-05 08:00:00
2548,10,2,20.95,174.44,Lácteos del Valle,2026-01-05 08:00:00
2549,11,2,365.92,13.19,Panificadora San José,2026-01-05 08:00:00
2550,12,2,18.05,136.65,Lácteos del Valle,2026-01-05 08:00:00
2551,13,2,421.35,1.99,Insumos Generales Toluca,2026-01-05 08:00:00
2552,14,2,36.01,59.4,Insumos Generales Toluca,2026-01-05 08:00:00
2553,15,2,2887.0,1.28,Empaques y Desechables MX,2026-01-05 08:00:00
2554,16,2,2364.57,1.73,Empaques y Desechables MX,2026-01-05 08:00:00
2555,17,2,3398.08,0.8,Empaques y Desechables MX,2026-01-05 08:00:00
2556,18,2,39.08,23.29,Insumos Generales Toluca,2026-01-05 08:00:00
2557,1,1,30.53,231.17,Café Origen SA,2026-01-12 08:00:00
2558,2,1,187.13,25.17,Lácteos del Valle,2026-01-12 08:00:00
2559,3,1,67.95,47.52,Lácteos del Valle,2026-01-12 08:00:00
2560,4,1,4024.94,0.37,Distribuidora Sabores MX,2026-01-12 08:00:00
2561,5,1,4345.67,0.4,Distribuidora Sabores MX,2026-01-12 08:00:00
2562,6,1,12.98,201.54,Distribuidora Sabores MX,2026-01-12 08:00:00
2563,7,1,240.39,6.53,Insumos Generales Toluca,2026-01-12 08:00:00
2564,8,1,319.68,4.98,Panificadora San José,2026-01-12 08:00:00
2565,9,1,24.47,156.17,Carnes Selectas,2026-01-12 08:00:00
2566,10,1,18.2,170.14,Lácteos del Valle,2026-01-12 08:00:00
2567,11,1,260.71,12.61,Panificadora San José,2026-01-12 08:00:00
2568,12,1,14.46,142.96,Lácteos del Valle,2026-01-12 08:00:00
2569,13,1,583.4,2.03,Insumos Generales Toluca,2026-01-12 08:00:00
2570,14,1,40.74,58.09,Insumos Generales Toluca,2026-01-12 08:00:00
2571,15,1,2058.13,1.34,Empaques y Desechables MX,2026-01-12 08:00:00
2572,16,1,3589.15,1.64,Empaques y Desechables MX,2026-01-12 08:00:00
2573,17,1,2412.18,0.92,Empaques y Desechables MX,2026-01-12 08:00:00
2574,18,1,47.63,25.89,Insumos Generales Toluca,2026-01-12 08:00:00
2575,1,2,23.38,251.64,Café Origen SA,2026-01-12 08:00:00
2576,2,2,310.79,25.17,Lácteos del Valle,2026-01-12 08:00:00
2577,3,2,65.67,47.71,Lácteos del Valle,2026-01-12 08:00:00
2578,4,2,3216.4,0.38,Distribuidora Sabores MX,2026-01-12 08:00:00
2579,5,2,3027.01,0.4,Distribuidora Sabores MX,2026-01-12 08:00:00
2580,6,2,18.37,197.64,Distribuidora Sabores MX,2026-01-12 08:00:00
2581,7,2,215.34,6.46,Insumos Generales Toluca,2026-01-12 08:00:00
2582,8,2,330.29,4.96,Panificadora San José,2026-01-12 08:00:00
2583,9,2,24.46,150.51,Carnes Selectas,2026-01-12 08:00:00
2584,10,2,15.59,181.02,Lácteos del Valle,2026-01-12 08:00:00
2585,11,2,230.76,12.6,Panificadora San José,2026-01-12 08:00:00
2586,12,2,11.97,131.53,Lácteos del Valle,2026-01-12 08:00:00
2587,13,2,485.15,1.88,Insumos Generales Toluca,2026-01-12 08:00:00
2588,14,2,40.22,59.28,Insumos Generales Toluca,2026-01-12 08:00:00
2589,15,2,3221.17,1.29,Empaques y Desechables MX,2026-01-12 08:00:00
2590,16,2,2822.72,1.6,Empaques y Desechables MX,2026-01-12 08:00:00
2591,17,2,2959.59,0.85,Empaques y Desechables MX,2026-01-12 08:00:00
2592,18,2,43.29,23.52,Insumos Generales Toluca,2026-01-12 08:00:00
2593,1,1,21.01,209.18,Café Origen SA,2026-01-19 08:00:00
2594,2,1,353.61,25.11,Lácteos del Valle,2026-01-19 08:00:00
2595,3,1,62.38,46.09,Lácteos del Valle,2026-01-19 08:00:00
2596,4,1,4001.05,0.39,Distribuidora Sabores MX,2026-01-19 08:00:00
2597,5,1,5128.65,0.38,Distribuidora Sabores MX,2026-01-19 08:00:00
2598,6,1,14.08,198.35,Distribuidora Sabores MX,2026-01-19 08:00:00
2599,7,1,225.23,6.8,Insumos Generales Toluca,2026-01-19 08:00:00
2600,8,1,338.55,4.59,Panificadora San José,2026-01-19 08:00:00
2601,9,1,23.24,154.25,Carnes Selectas,2026-01-19 08:00:00
2602,10,1,19.05,168.47,Lácteos del Valle,2026-01-19 08:00:00
2603,11,1,275.18,13.38,Panificadora San José,2026-01-19 08:00:00
2604,12,1,16.1,143.68,Lácteos del Valle,2026-01-19 08:00:00
2605,13,1,491.66,1.89,Insumos Generales Toluca,2026-01-19 08:00:00
2606,14,1,44.47,56.1,Insumos Generales Toluca,2026-01-19 08:00:00
2607,15,1,2480.1,1.24,Empaques y Desechables MX,2026-01-19 08:00:00
2608,16,1,3130.52,1.53,Empaques y Desechables MX,2026-01-19 08:00:00
2609,17,1,2501.03,0.85,Empaques y Desechables MX,2026-01-19 08:00:00
2610,18,1,37.06,23.44,Insumos Generales Toluca,2026-01-19 08:00:00
2611,1,2,24.87,242.06,Café Origen SA,2026-01-19 08:00:00
2612,2,2,380.0,26.33,Lácteos del Valle,2026-01-19 08:00:00
2613,3,2,52.89,51.43,Lácteos del Valle,2026-01-19 08:00:00
2614,4,2,3743.5,0.39,Distribuidora Sabores MX,2026-01-19 08:00:00
2615,5,2,3330.14,0.37,Distribuidora Sabores MX,2026-01-19 08:00:00
2616,6,2,14.8,208.14,Distribuidora Sabores MX,2026-01-19 08:00:00
2617,7,2,196.69,6.32,Insumos Generales Toluca,2026-01-19 08:00:00
2618,8,2,440.31,4.57,Panificadora San José,2026-01-19 08:00:00
2619,9,2,19.68,153.12,Carnes Selectas,2026-01-19 08:00:00
2620,10,2,20.48,173.5,Lácteos del Valle,2026-01-19 08:00:00
2621,11,2,228.83,13.24,Panificadora San José,2026-01-19 08:00:00
2622,12,2,13.24,145.19,Lácteos del Valle,2026-01-19 08:00:00
2623,13,2,435.42,2.02,Insumos Generales Toluca,2026-01-19 08:00:00
2624,14,2,46.21,56.67,Insumos Generales Toluca,2026-01-19 08:00:00
2625,15,2,3250.86,1.32,Empaques y Desechables MX,2026-01-19 08:00:00
2626,16,2,2325.08,1.64,Empaques y Desechables MX,2026-01-19 08:00:00
2627,17,2,3620.56,0.85,Empaques y Desechables MX,2026-01-19 08:00:00
2628,18,2,33.55,25.42,Insumos Generales Toluca,2026-01-19 08:00:00
2629,1,1,30.73,247.54,Café Origen SA,2026-01-26 08:00:00
2630,2,1,291.16,25.54,Lácteos del Valle,2026-01-26 08:00:00
2631,3,1,65.33,48.33,Lácteos del Valle,2026-01-26 08:00:00
2632,4,1,4144.01,0.39,Distribuidora Sabores MX,2026-01-26 08:00:00
2633,5,1,3198.94,0.39,Distribuidora Sabores MX,2026-01-26 08:00:00
2634,6,1,12.97,198.6,Distribuidora Sabores MX,2026-01-26 08:00:00
2635,7,1,251.08,6.38,Insumos Generales Toluca,2026-01-26 08:00:00
2636,8,1,471.37,4.73,Panificadora San José,2026-01-26 08:00:00
2637,9,1,22.62,151.65,Carnes Selectas,2026-01-26 08:00:00
2638,10,1,13.93,179.83,Lácteos del Valle,2026-01-26 08:00:00
2639,11,1,316.41,13.19,Panificadora San José,2026-01-26 08:00:00
2640,12,1,10.93,133.0,Lácteos del Valle,2026-01-26 08:00:00
2641,13,1,508.96,1.91,Insumos Generales Toluca,2026-01-26 08:00:00
2642,14,1,36.13,59.73,Insumos Generales Toluca,2026-01-26 08:00:00
2643,15,1,2864.52,1.25,Empaques y Desechables MX,2026-01-26 08:00:00
2644,16,1,2823.17,1.68,Empaques y Desechables MX,2026-01-26 08:00:00
2645,17,1,3062.89,0.9,Empaques y Desechables MX,2026-01-26 08:00:00
2646,18,1,40.69,23.64,Insumos Generales Toluca,2026-01-26 08:00:00
2647,1,2,28.93,244.99,Café Origen SA,2026-01-26 08:00:00
2648,2,2,393.9,25.35,Lácteos del Valle,2026-01-26 08:00:00
2649,3,2,63.23,46.58,Lácteos del Valle,2026-01-26 08:00:00
2650,4,2,4148.0,0.37,Distribuidora Sabores MX,2026-01-26 08:00:00
2651,5,2,4957.6,0.39,Distribuidora Sabores MX,2026-01-26 08:00:00
2652,6,2,11.96,182.45,Distribuidora Sabores MX,2026-01-26 08:00:00
2653,7,2,231.2,6.49,Insumos Generales Toluca,2026-01-26 08:00:00
2654,8,2,456.88,4.78,Panificadora San José,2026-01-26 08:00:00
2655,9,2,17.82,155.56,Carnes Selectas,2026-01-26 08:00:00
2656,10,2,19.49,169.97,Lácteos del Valle,2026-01-26 08:00:00
2657,11,2,335.17,13.35,Panificadora San José,2026-01-26 08:00:00
2658,12,2,17.41,150.82,Lácteos del Valle,2026-01-26 08:00:00
2659,13,2,598.61,1.85,Insumos Generales Toluca,2026-01-26 08:00:00
2660,14,2,40.3,60.16,Insumos Generales Toluca,2026-01-26 08:00:00
2661,15,2,3206.75,1.32,Empaques y Desechables MX,2026-01-26 08:00:00
2662,16,2,3138.42,1.54,Empaques y Desechables MX,2026-01-26 08:00:00
2663,17,2,3129.27,0.81,Empaques y Desechables MX,2026-01-26 08:00:00
2664,18,2,31.22,24.3,Insumos Generales Toluca,2026-01-26 08:00:00
2665,1,1,27.17,237.19,Café Origen SA,2026-02-02 08:00:00
2666,2,1,249.41,27.3,Lácteos del Valle,2026-02-02 08:00:00
2667,3,1,79.09,47.76,Lácteos del Valle,2026-02-02 08:00:00
2668,4,1,3581.1,0.36,Distribuidora Sabores MX,2026-02-02 08:00:00
2669,5,1,4766.35,0.38,Distribuidora Sabores MX,2026-02-02 08:00:00
2670,6,1,13.32,197.37,Distribuidora Sabores MX,2026-02-02 08:00:00
2671,7,1,188.47,6.78,Insumos Generales Toluca,2026-02-02 08:00:00
2672,8,1,369.89,4.96,Panificadora San José,2026-02-02 08:00:00
2673,9,1,30.1,152.54,Carnes Selectas,2026-02-02 08:00:00
2674,10,1,22.12,166.86,Lácteos del Valle,2026-02-02 08:00:00
2675,11,1,310.04,12.96,Panificadora San José,2026-02-02 08:00:00
2676,12,1,16.63,146.91,Lácteos del Valle,2026-02-02 08:00:00
2677,13,1,511.71,2.09,Insumos Generales Toluca,2026-02-02 08:00:00
2678,14,1,39.45,63.02,Insumos Generales Toluca,2026-02-02 08:00:00
2679,15,1,3065.01,1.32,Empaques y Desechables MX,2026-02-02 08:00:00
2680,16,1,3023.3,1.6,Empaques y Desechables MX,2026-02-02 08:00:00
2681,17,1,2912.35,0.9,Empaques y Desechables MX,2026-02-02 08:00:00
2682,18,1,36.44,24.39,Insumos Generales Toluca,2026-02-02 08:00:00
2683,1,2,22.85,245.38,Café Origen SA,2026-02-02 08:00:00
2684,2,2,314.52,24.8,Lácteos del Valle,2026-02-02 08:00:00
2685,3,2,67.35,50.1,Lácteos del Valle,2026-02-02 08:00:00
2686,4,2,4010.83,0.4,Distribuidora Sabores MX,2026-02-02 08:00:00
2687,5,2,3770.6,0.37,Distribuidora Sabores MX,2026-02-02 08:00:00
2688,6,2,17.61,188.12,Distribuidora Sabores MX,2026-02-02 08:00:00
2689,7,2,201.58,6.72,Insumos Generales Toluca,2026-02-02 08:00:00
2690,8,2,352.26,4.99,Panificadora San José,2026-02-02 08:00:00
2691,9,2,24.46,146.56,Carnes Selectas,2026-02-02 08:00:00
2692,10,2,19.82,172.05,Lácteos del Valle,2026-02-02 08:00:00
2693,11,2,284.6,13.18,Panificadora San José,2026-02-02 08:00:00
2694,12,2,20.77,143.26,Lácteos del Valle,2026-02-02 08:00:00
2695,13,2,558.28,1.83,Insumos Generales Toluca,2026-02-02 08:00:00
2696,14,2,39.08,56.83,Insumos Generales Toluca,2026-02-02 08:00:00
2697,15,2,3202.73,1.29,Empaques y Desechables MX,2026-02-02 08:00:00
2698,16,2,3338.2,1.59,Empaques y Desechables MX,2026-02-02 08:00:00
2699,17,2,2765.14,0.91,Empaques y Desechables MX,2026-02-02 08:00:00
2700,18,2,38.91,25.1,Insumos Generales Toluca,2026-02-02 08:00:00
2701,1,1,19.95,240.6,Café Origen SA,2026-02-09 08:00:00
2702,2,1,226.14,24.69,Lácteos del Valle,2026-02-09 08:00:00
2703,3,1,51.43,52.6,Lácteos del Valle,2026-02-09 08:00:00
2704,4,1,3934.79,0.37,Distribuidora Sabores MX,2026-02-09 08:00:00
2705,5,1,4029.02,0.38,Distribuidora Sabores MX,2026-02-09 08:00:00
2706,6,1,15.01,193.23,Distribuidora Sabores MX,2026-02-09 08:00:00
2707,7,1,187.1,6.96,Insumos Generales Toluca,2026-02-09 08:00:00
2708,8,1,382.39,4.89,Panificadora San José,2026-02-09 08:00:00
2709,9,1,26.14,138.34,Carnes Selectas,2026-02-09 08:00:00
2710,10,1,19.44,165.79,Lácteos del Valle,2026-02-09 08:00:00
2711,11,1,357.27,13.75,Panificadora San José,2026-02-09 08:00:00
2712,12,1,15.08,138.76,Lácteos del Valle,2026-02-09 08:00:00
2713,13,1,358.35,1.96,Insumos Generales Toluca,2026-02-09 08:00:00
2714,14,1,46.95,59.02,Insumos Generales Toluca,2026-02-09 08:00:00
2715,15,1,3922.74,1.24,Empaques y Desechables MX,2026-02-09 08:00:00
2716,16,1,2692.61,1.57,Empaques y Desechables MX,2026-02-09 08:00:00
2717,17,1,3144.64,0.86,Empaques y Desechables MX,2026-02-09 08:00:00
2718,18,1,34.69,24.3,Insumos Generales Toluca,2026-02-09 08:00:00
2719,1,2,23.5,232.62,Café Origen SA,2026-02-09 08:00:00
2720,2,2,323.15,25.78,Lácteos del Valle,2026-02-09 08:00:00
2721,3,2,61.29,45.78,Lácteos del Valle,2026-02-09 08:00:00
2722,4,2,4512.65,0.39,Distribuidora Sabores MX,2026-02-09 08:00:00
2723,5,2,3976.34,0.38,Distribuidora Sabores MX,2026-02-09 08:00:00
2724,6,2,18.49,206.86,Distribuidora Sabores MX,2026-02-09 08:00:00
2725,7,2,241.75,6.54,Insumos Generales Toluca,2026-02-09 08:00:00
2726,8,2,354.79,4.75,Panificadora San José,2026-02-09 08:00:00
2727,9,2,23.16,145.8,Carnes Selectas,2026-02-09 08:00:00
2728,10,2,18.02,178.42,Lácteos del Valle,2026-02-09 08:00:00
2729,11,2,229.76,13.5,Panificadora San José,2026-02-09 08:00:00
2730,12,2,15.76,147.78,Lácteos del Valle,2026-02-09 08:00:00
2731,13,2,448.66,1.92,Insumos Generales Toluca,2026-02-09 08:00:00
2732,14,2,47.3,59.14,Insumos Generales Toluca,2026-02-09 08:00:00
2733,15,2,3264.33,1.36,Empaques y Desechables MX,2026-02-09 08:00:00
2734,16,2,3780.92,1.63,Empaques y Desechables MX,2026-02-09 08:00:00
2735,17,2,3341.5,0.83,Empaques y Desechables MX,2026-02-09 08:00:00
2736,18,2,46.76,23.65,Insumos Generales Toluca,2026-02-09 08:00:00
2737,1,1,21.98,245.0,Café Origen SA,2026-02-16 08:00:00
2738,2,1,374.11,23.93,Lácteos del Valle,2026-02-16 08:00:00
2739,3,1,62.97,49.15,Lácteos del Valle,2026-02-16 08:00:00
2740,4,1,4247.65,0.37,Distribuidora Sabores MX,2026-02-16 08:00:00
2741,5,1,3560.21,0.38,Distribuidora Sabores MX,2026-02-16 08:00:00
2742,6,1,19.33,192.07,Distribuidora Sabores MX,2026-02-16 08:00:00
2743,7,1,206.44,6.21,Insumos Generales Toluca,2026-02-16 08:00:00
2744,8,1,440.92,5.17,Panificadora San José,2026-02-16 08:00:00
2745,9,1,25.98,145.99,Carnes Selectas,2026-02-16 08:00:00
2746,10,1,23.46,167.97,Lácteos del Valle,2026-02-16 08:00:00
2747,11,1,211.07,12.74,Panificadora San José,2026-02-16 08:00:00
2748,12,1,14.73,144.11,Lácteos del Valle,2026-02-16 08:00:00
2749,13,1,515.88,1.96,Insumos Generales Toluca,2026-02-16 08:00:00
2750,14,1,49.71,62.87,Insumos Generales Toluca,2026-02-16 08:00:00
2751,15,1,2042.15,1.25,Empaques y Desechables MX,2026-02-16 08:00:00
2752,16,1,2528.55,1.66,Empaques y Desechables MX,2026-02-16 08:00:00
2753,17,1,2499.33,0.89,Empaques y Desechables MX,2026-02-16 08:00:00
2754,18,1,34.25,22.63,Insumos Generales Toluca,2026-02-16 08:00:00
2755,1,2,25.77,242.08,Café Origen SA,2026-02-16 08:00:00
2756,2,2,321.8,27.28,Lácteos del Valle,2026-02-16 08:00:00
2757,3,2,59.35,49.91,Lácteos del Valle,2026-02-16 08:00:00
2758,4,2,3259.39,0.37,Distribuidora Sabores MX,2026-02-16 08:00:00
2759,5,2,3966.59,0.39,Distribuidora Sabores MX,2026-02-16 08:00:00
2760,6,2,14.41,205.63,Distribuidora Sabores MX,2026-02-16 08:00:00
2761,7,2,210.77,6.42,Insumos Generales Toluca,2026-02-16 08:00:00
2762,8,2,404.62,5.13,Panificadora San José,2026-02-16 08:00:00
2763,9,2,28.39,153.91,Carnes Selectas,2026-02-16 08:00:00
2764,10,2,23.16,170.75,Lácteos del Valle,2026-02-16 08:00:00
2765,11,2,262.98,12.92,Panificadora San José,2026-02-16 08:00:00
2766,12,2,13.75,141.28,Lácteos del Valle,2026-02-16 08:00:00
2767,13,2,494.48,2.01,Insumos Generales Toluca,2026-02-16 08:00:00
2768,14,2,39.97,60.55,Insumos Generales Toluca,2026-02-16 08:00:00
2769,15,2,3334.48,1.38,Empaques y Desechables MX,2026-02-16 08:00:00
2770,16,2,2374.07,1.64,Empaques y Desechables MX,2026-02-16 08:00:00
2771,17,2,4324.83,0.86,Empaques y Desechables MX,2026-02-16 08:00:00
2772,18,2,42.79,25.0,Insumos Generales Toluca,2026-02-16 08:00:00
2773,1,1,27.37,234.8,Café Origen SA,2026-02-23 08:00:00
2774,2,1,306.41,25.92,Lácteos del Valle,2026-02-23 08:00:00
2775,3,1,68.35,51.62,Lácteos del Valle,2026-02-23 08:00:00
2776,4,1,4059.85,0.4,Distribuidora Sabores MX,2026-02-23 08:00:00
2777,5,1,3618.62,0.37,Distribuidora Sabores MX,2026-02-23 08:00:00
2778,6,1,11.18,204.81,Distribuidora Sabores MX,2026-02-23 08:00:00
2779,7,1,179.45,6.65,Insumos Generales Toluca,2026-02-23 08:00:00
2780,8,1,386.34,5.16,Panificadora San José,2026-02-23 08:00:00
2781,9,1,29.25,155.41,Carnes Selectas,2026-02-23 08:00:00
2782,10,1,18.98,166.76,Lácteos del Valle,2026-02-23 08:00:00
2783,11,1,276.67,13.09,Panificadora San José,2026-02-23 08:00:00
2784,12,1,14.28,140.29,Lácteos del Valle,2026-02-23 08:00:00
2785,13,1,617.82,1.88,Insumos Generales Toluca,2026-02-23 08:00:00
2786,14,1,35.45,57.86,Insumos Generales Toluca,2026-02-23 08:00:00
2787,15,1,3182.3,1.31,Empaques y Desechables MX,2026-02-23 08:00:00
2788,16,1,3424.39,1.61,Empaques y Desechables MX,2026-02-23 08:00:00
2789,17,1,2803.33,0.85,Empaques y Desechables MX,2026-02-23 08:00:00
2790,18,1,40.55,25.11,Insumos Generales Toluca,2026-02-23 08:00:00
2791,1,2,13.59,225.16,Café Origen SA,2026-02-23 08:00:00
2792,2,2,331.01,24.89,Lácteos del Valle,2026-02-23 08:00:00
2793,3,2,60.14,50.43,Lácteos del Valle,2026-02-23 08:00:00
2794,4,2,4501.24,0.37,Distribuidora Sabores MX,2026-02-23 08:00:00
2795,5,2,3711.9,0.4,Distribuidora Sabores MX,2026-02-23 08:00:00
2796,6,2,16.41,188.65,Distribuidora Sabores MX,2026-02-23 08:00:00
2797,7,2,291.53,6.8,Insumos Generales Toluca,2026-02-23 08:00:00
2798,8,2,365.21,5.31,Panificadora San José,2026-02-23 08:00:00
2799,9,2,22.57,157.89,Carnes Selectas,2026-02-23 08:00:00
2800,10,2,23.39,181.07,Lácteos del Valle,2026-02-23 08:00:00
2801,11,2,245.74,12.62,Panificadora San José,2026-02-23 08:00:00
2802,12,2,16.88,134.4,Lácteos del Valle,2026-02-23 08:00:00
2803,13,2,453.47,2.01,Insumos Generales Toluca,2026-02-23 08:00:00
2804,14,2,40.23,57.13,Insumos Generales Toluca,2026-02-23 08:00:00
2805,15,2,2766.96,1.3,Empaques y Desechables MX,2026-02-23 08:00:00
2806,16,2,3589.3,1.81,Empaques y Desechables MX,2026-02-23 08:00:00
2807,17,2,2185.38,0.88,Empaques y Desechables MX,2026-02-23 08:00:00
2808,18,2,50.14,22.93,Insumos Generales Toluca,2026-02-23 08:00:00
2809,1,1,25.16,234.09,Café Origen SA,2026-03-02 08:00:00
2810,2,1,319.71,25.39,Lácteos del Valle,2026-03-02 08:00:00
2811,3,1,45.0,51.07,Lácteos del Valle,2026-03-02 08:00:00
2812,4,1,4597.14,0.39,Distribuidora Sabores MX,2026-03-02 08:00:00
2813,5,1,4597.6,0.39,Distribuidora Sabores MX,2026-03-02 08:00:00
2814,6,1,13.62,193.55,Distribuidora Sabores MX,2026-03-02 08:00:00
2815,7,1,164.59,6.39,Insumos Generales Toluca,2026-03-02 08:00:00
2816,8,1,372.37,4.71,Panificadora San José,2026-03-02 08:00:00
2817,9,1,19.83,155.16,Carnes Selectas,2026-03-02 08:00:00
2818,10,1,22.96,168.11,Lácteos del Valle,2026-03-02 08:00:00
2819,11,1,333.86,12.88,Panificadora San José,2026-03-02 08:00:00
2820,12,1,18.68,143.31,Lácteos del Valle,2026-03-02 08:00:00
2821,13,1,552.45,1.91,Insumos Generales Toluca,2026-03-02 08:00:00
2822,14,1,42.37,62.47,Insumos Generales Toluca,2026-03-02 08:00:00
2823,15,1,2906.37,1.32,Empaques y Desechables MX,2026-03-02 08:00:00
2824,16,1,2701.11,1.57,Empaques y Desechables MX,2026-03-02 08:00:00
2825,17,1,3287.14,0.91,Empaques y Desechables MX,2026-03-02 08:00:00
2826,18,1,43.25,24.55,Insumos Generales Toluca,2026-03-02 08:00:00
2827,1,2,35.0,230.12,Café Origen SA,2026-03-02 08:00:00
2828,2,2,303.19,24.43,Lácteos del Valle,2026-03-02 08:00:00
2829,3,2,42.71,51.43,Lácteos del Valle,2026-03-02 08:00:00
2830,4,2,3790.09,0.39,Distribuidora Sabores MX,2026-03-02 08:00:00
2831,5,2,2964.14,0.41,Distribuidora Sabores MX,2026-03-02 08:00:00
2832,6,2,14.28,193.55,Distribuidora Sabores MX,2026-03-02 08:00:00
2833,7,2,218.21,6.4,Insumos Generales Toluca,2026-03-02 08:00:00
2834,8,2,397.46,4.73,Panificadora San José,2026-03-02 08:00:00
2835,9,2,27.39,155.64,Carnes Selectas,2026-03-02 08:00:00
2836,10,2,23.76,179.2,Lácteos del Valle,2026-03-02 08:00:00
2837,11,2,300.26,13.21,Panificadora San José,2026-03-02 08:00:00
2838,12,2,18.21,149.35,Lácteos del Valle,2026-03-02 08:00:00
2839,13,2,427.56,1.89,Insumos Generales Toluca,2026-03-02 08:00:00
2840,14,2,48.34,58.4,Insumos Generales Toluca,2026-03-02 08:00:00
2841,15,2,3340.8,1.36,Empaques y Desechables MX,2026-03-02 08:00:00
2842,16,2,2876.61,1.66,Empaques y Desechables MX,2026-03-02 08:00:00
2843,17,2,2719.8,0.8,Empaques y Desechables MX,2026-03-02 08:00:00
2844,18,2,42.43,24.27,Insumos Generales Toluca,2026-03-02 08:00:00
2845,1,1,28.03,250.38,Café Origen SA,2026-03-09 08:00:00
2846,2,1,324.76,25.69,Lácteos del Valle,2026-03-09 08:00:00
2847,3,1,61.51,49.97,Lácteos del Valle,2026-03-09 08:00:00
2848,4,1,3888.67,0.38,Distribuidora Sabores MX,2026-03-09 08:00:00
2849,5,1,4094.22,0.39,Distribuidora Sabores MX,2026-03-09 08:00:00
2850,6,1,16.1,198.21,Distribuidora Sabores MX,2026-03-09 08:00:00
2851,7,1,210.76,6.47,Insumos Generales Toluca,2026-03-09 08:00:00
2852,8,1,444.43,4.84,Panificadora San José,2026-03-09 08:00:00
2853,9,1,24.74,156.55,Carnes Selectas,2026-03-09 08:00:00
2854,10,1,26.36,175.55,Lácteos del Valle,2026-03-09 08:00:00
2855,11,1,310.22,13.29,Panificadora San José,2026-03-09 08:00:00
2856,12,1,13.67,150.11,Lácteos del Valle,2026-03-09 08:00:00
2857,13,1,543.55,1.97,Insumos Generales Toluca,2026-03-09 08:00:00
2858,14,1,36.43,60.05,Insumos Generales Toluca,2026-03-09 08:00:00
2859,15,1,2717.45,1.26,Empaques y Desechables MX,2026-03-09 08:00:00
2860,16,1,3179.1,1.58,Empaques y Desechables MX,2026-03-09 08:00:00
2861,17,1,3013.34,0.85,Empaques y Desechables MX,2026-03-09 08:00:00
2862,18,1,42.75,24.09,Insumos Generales Toluca,2026-03-09 08:00:00
2863,1,2,25.65,230.11,Café Origen SA,2026-03-09 08:00:00
2864,2,2,346.11,26.13,Lácteos del Valle,2026-03-09 08:00:00
2865,3,2,52.77,49.13,Lácteos del Valle,2026-03-09 08:00:00
2866,4,2,4035.59,0.4,Distribuidora Sabores MX,2026-03-09 08:00:00
2867,5,2,3555.91,0.39,Distribuidora Sabores MX,2026-03-09 08:00:00
2868,6,2,16.3,209.63,Distribuidora Sabores MX,2026-03-09 08:00:00
2869,7,2,157.3,6.64,Insumos Generales Toluca,2026-03-09 08:00:00
2870,8,2,414.73,4.88,Panificadora San José,2026-03-09 08:00:00
2871,9,2,24.07,158.25,Carnes Selectas,2026-03-09 08:00:00
2872,10,2,19.29,171.69,Lácteos del Valle,2026-03-09 08:00:00
2873,11,2,345.62,12.68,Panificadora San José,2026-03-09 08:00:00
2874,12,2,9.95,147.91,Lácteos del Valle,2026-03-09 08:00:00
2875,13,2,359.03,1.97,Insumos Generales Toluca,2026-03-09 08:00:00
2876,14,2,41.18,64.74,Insumos Generales Toluca,2026-03-09 08:00:00
2877,15,2,3244.53,1.34,Empaques y Desechables MX,2026-03-09 08:00:00
2878,16,2,2830.01,1.56,Empaques y Desechables MX,2026-03-09 08:00:00
2879,17,2,2848.17,0.81,Empaques y Desechables MX,2026-03-09 08:00:00
2880,18,2,33.63,25.85,Insumos Generales Toluca,2026-03-09 08:00:00
2881,1,1,28.67,241.54,Café Origen SA,2026-03-16 08:00:00
2882,2,1,260.4,25.91,Lácteos del Valle,2026-03-16 08:00:00
2883,3,1,68.89,48.24,Lácteos del Valle,2026-03-16 08:00:00
2884,4,1,3713.45,0.38,Distribuidora Sabores MX,2026-03-16 08:00:00
2885,5,1,4315.05,0.36,Distribuidora Sabores MX,2026-03-16 08:00:00
2886,6,1,11.83,180.86,Distribuidora Sabores MX,2026-03-16 08:00:00
2887,7,1,200.6,6.25,Insumos Generales Toluca,2026-03-16 08:00:00
2888,8,1,398.91,5.05,Panificadora San José,2026-03-16 08:00:00
2889,9,1,22.45,140.75,Carnes Selectas,2026-03-16 08:00:00
2890,10,1,19.35,169.85,Lácteos del Valle,2026-03-16 08:00:00
2891,11,1,334.26,13.11,Panificadora San José,2026-03-16 08:00:00
2892,12,1,12.76,149.14,Lácteos del Valle,2026-03-16 08:00:00
2893,13,1,435.04,1.88,Insumos Generales Toluca,2026-03-16 08:00:00
2894,14,1,40.93,62.89,Insumos Generales Toluca,2026-03-16 08:00:00
2895,15,1,2601.31,1.34,Empaques y Desechables MX,2026-03-16 08:00:00
2896,16,1,3272.64,1.64,Empaques y Desechables MX,2026-03-16 08:00:00
2897,17,1,3082.51,0.87,Empaques y Desechables MX,2026-03-16 08:00:00
2898,18,1,44.33,23.51,Insumos Generales Toluca,2026-03-16 08:00:00
2899,1,2,28.03,246.52,Café Origen SA,2026-03-16 08:00:00
2900,2,2,412.52,27.76,Lácteos del Valle,2026-03-16 08:00:00
2901,3,2,60.93,47.61,Lácteos del Valle,2026-03-16 08:00:00
2902,4,2,4299.49,0.39,Distribuidora Sabores MX,2026-03-16 08:00:00
2903,5,2,3640.83,0.38,Distribuidora Sabores MX,2026-03-16 08:00:00
2904,6,2,13.76,210.0,Distribuidora Sabores MX,2026-03-16 08:00:00
2905,7,2,236.08,6.44,Insumos Generales Toluca,2026-03-16 08:00:00
2906,8,2,419.84,4.75,Panificadora San José,2026-03-16 08:00:00
2907,9,2,24.13,149.14,Carnes Selectas,2026-03-16 08:00:00
2908,10,2,17.64,176.04,Lácteos del Valle,2026-03-16 08:00:00
2909,11,2,282.49,12.94,Panificadora San José,2026-03-16 08:00:00
2910,12,2,15.95,139.48,Lácteos del Valle,2026-03-16 08:00:00
2911,13,2,601.59,1.96,Insumos Generales Toluca,2026-03-16 08:00:00
2912,14,2,30.0,54.52,Insumos Generales Toluca,2026-03-16 08:00:00
2913,15,2,3877.62,1.29,Empaques y Desechables MX,2026-03-16 08:00:00
2914,16,2,2757.96,1.74,Empaques y Desechables MX,2026-03-16 08:00:00
2915,17,2,3389.02,0.84,Empaques y Desechables MX,2026-03-16 08:00:00
2916,18,2,47.03,24.35,Insumos Generales Toluca,2026-03-16 08:00:00
2917,1,1,27.16,243.98,Café Origen SA,2026-03-23 08:00:00
2918,2,1,256.32,27.21,Lácteos del Valle,2026-03-23 08:00:00
2919,3,1,58.58,50.79,Lácteos del Valle,2026-03-23 08:00:00
2920,4,1,4578.72,0.42,Distribuidora Sabores MX,2026-03-23 08:00:00
2921,5,1,3789.26,0.37,Distribuidora Sabores MX,2026-03-23 08:00:00
2922,6,1,15.67,200.27,Distribuidora Sabores MX,2026-03-23 08:00:00
2923,7,1,173.94,6.68,Insumos Generales Toluca,2026-03-23 08:00:00
2924,8,1,436.23,5.37,Panificadora San José,2026-03-23 08:00:00
2925,9,1,28.5,148.25,Carnes Selectas,2026-03-23 08:00:00
2926,10,1,23.92,176.42,Lácteos del Valle,2026-03-23 08:00:00
2927,11,1,269.7,12.88,Panificadora San José,2026-03-23 08:00:00
2928,12,1,15.1,146.04,Lácteos del Valle,2026-03-23 08:00:00
2929,13,1,421.31,2.05,Insumos Generales Toluca,2026-03-23 08:00:00
2930,14,1,38.06,61.21,Insumos Generales Toluca,2026-03-23 08:00:00
2931,15,1,2716.24,1.34,Empaques y Desechables MX,2026-03-23 08:00:00
2932,16,1,2682.5,1.67,Empaques y Desechables MX,2026-03-23 08:00:00
2933,17,1,2588.83,0.9,Empaques y Desechables MX,2026-03-23 08:00:00
2934,18,1,49.29,24.46,Insumos Generales Toluca,2026-03-23 08:00:00
2935,1,2,24.25,253.38,Café Origen SA,2026-03-23 08:00:00
2936,2,2,273.82,27.32,Lácteos del Valle,2026-03-23 08:00:00
2937,3,2,62.17,50.54,Lácteos del Valle,2026-03-23 08:00:00
2938,4,2,4878.95,0.38,Distribuidora Sabores MX,2026-03-23 08:00:00
2939,5,2,3682.83,0.35,Distribuidora Sabores MX,2026-03-23 08:00:00
2940,6,2,15.16,184.7,Distribuidora Sabores MX,2026-03-23 08:00:00
2941,7,2,228.84,6.78,Insumos Generales Toluca,2026-03-23 08:00:00
2942,8,2,421.67,4.9,Panificadora San José,2026-03-23 08:00:00
2943,9,2,16.35,153.39,Carnes Selectas,2026-03-23 08:00:00
2944,10,2,16.63,171.16,Lácteos del Valle,2026-03-23 08:00:00
2945,11,2,305.45,12.71,Panificadora San José,2026-03-23 08:00:00
2946,12,2,16.06,137.42,Lácteos del Valle,2026-03-23 08:00:00
2947,13,2,460.75,1.96,Insumos Generales Toluca,2026-03-23 08:00:00
2948,14,2,46.39,59.27,Insumos Generales Toluca,2026-03-23 08:00:00
2949,15,2,3177.04,1.44,Empaques y Desechables MX,2026-03-23 08:00:00
2950,16,2,3172.81,1.62,Empaques y Desechables MX,2026-03-23 08:00:00
2951,17,2,3081.97,0.85,Empaques y Desechables MX,2026-03-23 08:00:00
2952,18,2,40.84,23.19,Insumos Generales Toluca,2026-03-23 08:00:00
2953,1,1,22.7,235.43,Café Origen SA,2026-03-30 08:00:00
2954,2,1,304.69,25.35,Lácteos del Valle,2026-03-30 08:00:00
2955,3,1,63.63,49.32,Lácteos del Valle,2026-03-30 08:00:00
2956,4,1,4328.15,0.4,Distribuidora Sabores MX,2026-03-30 08:00:00
2957,5,1,4004.63,0.4,Distribuidora Sabores MX,2026-03-30 08:00:00
2958,6,1,16.5,185.42,Distribuidora Sabores MX,2026-03-30 08:00:00
2959,7,1,188.2,7.08,Insumos Generales Toluca,2026-03-30 08:00:00
2960,8,1,418.82,5.6,Panificadora San José,2026-03-30 08:00:00
2961,9,1,24.4,148.26,Carnes Selectas,2026-03-30 08:00:00
2962,10,1,20.35,182.01,Lácteos del Valle,2026-03-30 08:00:00
2963,11,1,252.37,13.08,Panificadora San José,2026-03-30 08:00:00
2964,12,1,16.19,142.48,Lácteos del Valle,2026-03-30 08:00:00
2965,13,1,566.38,1.8,Insumos Generales Toluca,2026-03-30 08:00:00
2966,14,1,36.96,62.15,Insumos Generales Toluca,2026-03-30 08:00:00
2967,15,1,2482.9,1.29,Empaques y Desechables MX,2026-03-30 08:00:00
2968,16,1,2840.07,1.61,Empaques y Desechables MX,2026-03-30 08:00:00
2969,17,1,3655.55,0.86,Empaques y Desechables MX,2026-03-30 08:00:00
2970,18,1,48.69,24.38,Insumos Generales Toluca,2026-03-30 08:00:00
2971,1,2,26.32,255.3,Café Origen SA,2026-03-30 08:00:00
2972,2,2,330.05,26.21,Lácteos del Valle,2026-03-30 08:00:00
2973,3,2,54.18,42.71,Lácteos del Valle,2026-03-30 08:00:00
2974,4,2,4042.06,0.36,Distribuidora Sabores MX,2026-03-30 08:00:00
2975,5,2,4121.29,0.38,Distribuidora Sabores MX,2026-03-30 08:00:00
2976,6,2,9.63,209.53,Distribuidora Sabores MX,2026-03-30 08:00:00
2977,7,2,203.62,6.71,Insumos Generales Toluca,2026-03-30 08:00:00
2978,8,2,323.29,5.26,Panificadora San José,2026-03-30 08:00:00
2979,9,2,26.18,155.72,Carnes Selectas,2026-03-30 08:00:00
2980,10,2,16.12,175.88,Lácteos del Valle,2026-03-30 08:00:00
2981,11,2,229.98,12.69,Panificadora San José,2026-03-30 08:00:00
2982,12,2,14.96,146.5,Lácteos del Valle,2026-03-30 08:00:00
2983,13,2,490.63,1.99,Insumos Generales Toluca,2026-03-30 08:00:00
2984,14,2,52.88,60.43,Insumos Generales Toluca,2026-03-30 08:00:00
2985,15,2,3413.83,1.31,Empaques y Desechables MX,2026-03-30 08:00:00
2986,16,2,2212.64,1.59,Empaques y Desechables MX,2026-03-30 08:00:00
2987,17,2,3353.33,0.86,Empaques y Desechables MX,2026-03-30 08:00:00
2988,18,2,34.75,25.09,Insumos Generales Toluca,2026-03-30 08:00:00
2989,1,1,22.02,242.0,Café Origen SA,2026-04-06 08:00:00
2990,2,1,331.96,27.2,Lácteos del Valle,2026-04-06 08:00:00
2991,3,1,73.59,46.21,Lácteos del Valle,2026-04-06 08:00:00
2992,4,1,3861.08,0.39,Distribuidora Sabores MX,2026-04-06 08:00:00
2993,5,1,5683.87,0.37,Distribuidora Sabores MX,2026-04-06 08:00:00
2994,6,1,16.78,202.59,Distribuidora Sabores MX,2026-04-06 08:00:00
2995,7,1,178.19,6.63,Insumos Generales Toluca,2026-04-06 08:00:00
2996,8,1,343.91,4.86,Panificadora San José,2026-04-06 08:00:00
2997,9,1,22.02,150.31,Carnes Selectas,2026-04-06 08:00:00
2998,10,1,23.01,184.19,Lácteos del Valle,2026-04-06 08:00:00
2999,11,1,293.82,12.97,Panificadora San José,2026-04-06 08:00:00
3000,12,1,14.09,142.65,Lácteos del Valle,2026-04-06 08:00:00
3001,13,1,504.48,1.86,Insumos Generales Toluca,2026-04-06 08:00:00
3002,14,1,43.4,58.26,Insumos Generales Toluca,2026-04-06 08:00:00
3003,15,1,2395.18,1.43,Empaques y Desechables MX,2026-04-06 08:00:00
3004,16,1,3070.33,1.52,Empaques y Desechables MX,2026-04-06 08:00:00
3005,17,1,3406.39,0.9,Empaques y Desechables MX,2026-04-06 08:00:00
3006,18,1,39.33,24.53,Insumos Generales Toluca,2026-04-06 08:00:00
3007,1,2,29.51,238.36,Café Origen SA,2026-04-06 08:00:00
3008,2,2,319.86,25.0,Lácteos del Valle,2026-04-06 08:00:00
3009,3,2,69.07,48.18,Lácteos del Valle,2026-04-06 08:00:00
3010,4,2,3760.61,0.4,Distribuidora Sabores MX,2026-04-06 08:00:00
3011,5,2,3646.27,0.38,Distribuidora Sabores MX,2026-04-06 08:00:00
3012,6,2,15.13,201.69,Distribuidora Sabores MX,2026-04-06 08:00:00
3013,7,2,183.72,6.6,Insumos Generales Toluca,2026-04-06 08:00:00
3014,8,2,354.86,4.86,Panificadora San José,2026-04-06 08:00:00
3015,9,2,23.29,155.76,Carnes Selectas,2026-04-06 08:00:00
3016,10,2,20.13,184.39,Lácteos del Valle,2026-04-06 08:00:00
3017,11,2,339.8,13.7,Panificadora San José,2026-04-06 08:00:00
3018,12,2,15.34,129.09,Lácteos del Valle,2026-04-06 08:00:00
3019,13,2,633.65,1.92,Insumos Generales Toluca,2026-04-06 08:00:00
3020,14,2,48.49,63.35,Insumos Generales Toluca,2026-04-06 08:00:00
3021,15,2,2368.85,1.29,Empaques y Desechables MX,2026-04-06 08:00:00
3022,16,2,3508.17,1.56,Empaques y Desechables MX,2026-04-06 08:00:00
3023,17,2,2725.12,0.89,Empaques y Desechables MX,2026-04-06 08:00:00
3024,18,2,43.2,23.51,Insumos Generales Toluca,2026-04-06 08:00:00
3025,1,1,26.23,251.19,Café Origen SA,2026-04-13 08:00:00
3026,2,1,371.82,26.84,Lácteos del Valle,2026-04-13 08:00:00
3027,3,1,69.09,52.25,Lácteos del Valle,2026-04-13 08:00:00
3028,4,1,4274.57,0.42,Distribuidora Sabores MX,2026-04-13 08:00:00
3029,5,1,3957.28,0.41,Distribuidora Sabores MX,2026-04-13 08:00:00
3030,6,1,14.9,202.31,Distribuidora Sabores MX,2026-04-13 08:00:00
3031,7,1,150.93,6.83,Insumos Generales Toluca,2026-04-13 08:00:00
3032,8,1,495.79,4.99,Panificadora San José,2026-04-13 08:00:00
3033,9,1,26.06,172.78,Carnes Selectas,2026-04-13 08:00:00
3034,10,1,20.12,177.68,Lácteos del Valle,2026-04-13 08:00:00
3035,11,1,325.73,13.07,Panificadora San José,2026-04-13 08:00:00
3036,12,1,14.34,133.59,Lácteos del Valle,2026-04-13 08:00:00
3037,13,1,494.93,1.87,Insumos Generales Toluca,2026-04-13 08:00:00
3038,14,1,40.8,63.06,Insumos Generales Toluca,2026-04-13 08:00:00
3039,15,1,3301.44,1.35,Empaques y Desechables MX,2026-04-13 08:00:00
3040,16,1,3003.51,1.59,Empaques y Desechables MX,2026-04-13 08:00:00
3041,17,1,3754.37,0.85,Empaques y Desechables MX,2026-04-13 08:00:00
3042,18,1,41.54,23.15,Insumos Generales Toluca,2026-04-13 08:00:00
3043,1,2,27.04,236.36,Café Origen SA,2026-04-13 08:00:00
3044,2,2,293.5,25.12,Lácteos del Valle,2026-04-13 08:00:00
3045,3,2,60.93,50.04,Lácteos del Valle,2026-04-13 08:00:00
3046,4,2,4297.53,0.38,Distribuidora Sabores MX,2026-04-13 08:00:00
3047,5,2,4060.67,0.37,Distribuidora Sabores MX,2026-04-13 08:00:00
3048,6,2,15.81,201.61,Distribuidora Sabores MX,2026-04-13 08:00:00
3049,7,2,193.51,6.41,Insumos Generales Toluca,2026-04-13 08:00:00
3050,8,2,544.52,5.23,Panificadora San José,2026-04-13 08:00:00
3051,9,2,22.0,149.26,Carnes Selectas,2026-04-13 08:00:00
3052,10,2,18.62,175.77,Lácteos del Valle,2026-04-13 08:00:00
3053,11,2,337.94,13.28,Panificadora San José,2026-04-13 08:00:00
3054,12,2,15.58,138.12,Lácteos del Valle,2026-04-13 08:00:00
3055,13,2,675.33,1.98,Insumos Generales Toluca,2026-04-13 08:00:00
3056,14,2,45.37,61.82,Insumos Generales Toluca,2026-04-13 08:00:00
3057,15,2,2820.55,1.27,Empaques y Desechables MX,2026-04-13 08:00:00
3058,16,2,2486.05,1.67,Empaques y Desechables MX,2026-04-13 08:00:00
3059,17,2,3174.74,0.85,Empaques y Desechables MX,2026-04-13 08:00:00
3060,18,2,31.14,24.13,Insumos Generales Toluca,2026-04-13 08:00:00
3061,1,1,20.3,238.99,Café Origen SA,2026-04-20 08:00:00
3062,2,1,376.38,25.66,Lácteos del Valle,2026-04-20 08:00:00
3063,3,1,72.73,50.02,Lácteos del Valle,2026-04-20 08:00:00
3064,4,1,3036.71,0.4,Distribuidora Sabores MX,2026-04-20 08:00:00
3065,5,1,4162.69,0.36,Distribuidora Sabores MX,2026-04-20 08:00:00
3066,6,1,14.24,211.63,Distribuidora Sabores MX,2026-04-20 08:00:00
3067,7,1,244.61,6.69,Insumos Generales Toluca,2026-04-20 08:00:00
3068,8,1,482.14,4.54,Panificadora San José,2026-04-20 08:00:00
3069,9,1,24.83,144.69,Carnes Selectas,2026-04-20 08:00:00
3070,10,1,18.39,179.91,Lácteos del Valle,2026-04-20 08:00:00
3071,11,1,350.25,13.22,Panificadora San José,2026-04-20 08:00:00
3072,12,1,15.71,138.16,Lácteos del Valle,2026-04-20 08:00:00
3073,13,1,475.06,1.93,Insumos Generales Toluca,2026-04-20 08:00:00
3074,14,1,49.86,56.41,Insumos Generales Toluca,2026-04-20 08:00:00
3075,15,1,3284.11,1.34,Empaques y Desechables MX,2026-04-20 08:00:00
3076,16,1,2734.81,1.51,Empaques y Desechables MX,2026-04-20 08:00:00
3077,17,1,3000.0,0.84,Empaques y Desechables MX,2026-04-20 08:00:00
3078,18,1,33.24,22.98,Insumos Generales Toluca,2026-04-20 08:00:00
3079,1,2,24.42,246.75,Café Origen SA,2026-04-20 08:00:00
3080,2,2,321.9,25.41,Lácteos del Valle,2026-04-20 08:00:00
3081,3,2,60.84,53.09,Lácteos del Valle,2026-04-20 08:00:00
3082,4,2,2712.17,0.38,Distribuidora Sabores MX,2026-04-20 08:00:00
3083,5,2,4263.13,0.36,Distribuidora Sabores MX,2026-04-20 08:00:00
3084,6,2,14.58,206.99,Distribuidora Sabores MX,2026-04-20 08:00:00
3085,7,2,168.98,6.57,Insumos Generales Toluca,2026-04-20 08:00:00
3086,8,2,396.89,4.76,Panificadora San José,2026-04-20 08:00:00
3087,9,2,23.84,154.89,Carnes Selectas,2026-04-20 08:00:00
3088,10,2,17.99,181.39,Lácteos del Valle,2026-04-20 08:00:00
3089,11,2,334.39,13.42,Panificadora San José,2026-04-20 08:00:00
3090,12,2,14.15,139.18,Lácteos del Valle,2026-04-20 08:00:00
3091,13,2,474.1,1.92,Insumos Generales Toluca,2026-04-20 08:00:00
3092,14,2,55.53,57.57,Insumos Generales Toluca,2026-04-20 08:00:00
3093,15,2,2684.88,1.27,Empaques y Desechables MX,2026-04-20 08:00:00
3094,16,2,3109.9,1.65,Empaques y Desechables MX,2026-04-20 08:00:00
3095,17,2,2297.21,0.83,Empaques y Desechables MX,2026-04-20 08:00:00
3096,18,2,41.58,23.54,Insumos Generales Toluca,2026-04-20 08:00:00
3097,1,1,29.79,244.13,Café Origen SA,2026-04-27 08:00:00
3098,2,1,340.23,26.0,Lácteos del Valle,2026-04-27 08:00:00
3099,3,1,63.31,48.38,Lácteos del Valle,2026-04-27 08:00:00
3100,4,1,3810.84,0.39,Distribuidora Sabores MX,2026-04-27 08:00:00
3101,5,1,4726.72,0.39,Distribuidora Sabores MX,2026-04-27 08:00:00
3102,6,1,16.34,194.63,Distribuidora Sabores MX,2026-04-27 08:00:00
3103,7,1,213.16,6.24,Insumos Generales Toluca,2026-04-27 08:00:00
3104,8,1,455.84,5.02,Panificadora San José,2026-04-27 08:00:00
3105,9,1,23.48,147.2,Carnes Selectas,2026-04-27 08:00:00
3106,10,1,21.67,177.43,Lácteos del Valle,2026-04-27 08:00:00
3107,11,1,402.01,13.51,Panificadora San José,2026-04-27 08:00:00
3108,12,1,11.63,142.75,Lácteos del Valle,2026-04-27 08:00:00
3109,13,1,526.48,1.87,Insumos Generales Toluca,2026-04-27 08:00:00
3110,14,1,36.97,60.93,Insumos Generales Toluca,2026-04-27 08:00:00
3111,15,1,2925.8,1.23,Empaques y Desechables MX,2026-04-27 08:00:00
3112,16,1,3216.57,1.63,Empaques y Desechables MX,2026-04-27 08:00:00
3113,17,1,2874.41,0.85,Empaques y Desechables MX,2026-04-27 08:00:00
3114,18,1,32.08,25.18,Insumos Generales Toluca,2026-04-27 08:00:00
3115,1,2,22.13,240.87,Café Origen SA,2026-04-27 08:00:00
3116,2,2,260.63,26.81,Lácteos del Valle,2026-04-27 08:00:00
3117,3,2,69.04,48.48,Lácteos del Valle,2026-04-27 08:00:00
3118,4,2,3634.21,0.4,Distribuidora Sabores MX,2026-04-27 08:00:00
3119,5,2,3926.08,0.39,Distribuidora Sabores MX,2026-04-27 08:00:00
3120,6,2,18.02,193.72,Distribuidora Sabores MX,2026-04-27 08:00:00
3121,7,2,193.28,6.83,Insumos Generales Toluca,2026-04-27 08:00:00
3122,8,2,322.82,4.81,Panificadora San José,2026-04-27 08:00:00
3123,9,2,23.33,161.54,Carnes Selectas,2026-04-27 08:00:00
3124,10,2,22.92,181.11,Lácteos del Valle,2026-04-27 08:00:00
3125,11,2,323.77,12.41,Panificadora San José,2026-04-27 08:00:00
3126,12,2,16.59,141.63,Lácteos del Valle,2026-04-27 08:00:00
3127,13,2,468.25,2.0,Insumos Generales Toluca,2026-04-27 08:00:00
3128,14,2,44.76,58.78,Insumos Generales Toluca,2026-04-27 08:00:00
3129,15,2,2847.31,1.32,Empaques y Desechables MX,2026-04-27 08:00:00
3130,16,2,3795.68,1.64,Empaques y Desechables MX,2026-04-27 08:00:00
3131,17,2,2782.1,0.84,Empaques y Desechables MX,2026-04-27 08:00:00
3132,18,2,39.79,23.63,Insumos Generales Toluca,2026-04-27 08:00:00
3133,1,1,28.16,245.84,Café Origen SA,2026-05-04 08:00:00
3134,2,1,266.87,26.54,Lácteos del Valle,2026-05-04 08:00:00
3135,3,1,49.23,44.64,Lácteos del Valle,2026-05-04 08:00:00
3136,4,1,5208.94,0.4,Distribuidora Sabores MX,2026-05-04 08:00:00
3137,5,1,4684.86,0.4,Distribuidora Sabores MX,2026-05-04 08:00:00
3138,6,1,17.01,185.58,Distribuidora Sabores MX,2026-05-04 08:00:00
3139,7,1,271.58,6.45,Insumos Generales Toluca,2026-05-04 08:00:00
3140,8,1,333.24,5.0,Panificadora San José,2026-05-04 08:00:00
3141,9,1,25.2,153.52,Carnes Selectas,2026-05-04 08:00:00
3142,10,1,21.92,186.08,Lácteos del Valle,2026-05-04 08:00:00
3143,11,1,247.66,13.91,Panificadora San José,2026-05-04 08:00:00
3144,12,1,17.97,140.49,Lácteos del Valle,2026-05-04 08:00:00
3145,13,1,400.43,1.85,Insumos Generales Toluca,2026-05-04 08:00:00
3146,14,1,32.95,61.64,Insumos Generales Toluca,2026-05-04 08:00:00
3147,15,1,3711.77,1.26,Empaques y Desechables MX,2026-05-04 08:00:00
3148,16,1,3079.06,1.76,Empaques y Desechables MX,2026-05-04 08:00:00
3149,17,1,3354.12,0.88,Empaques y Desechables MX,2026-05-04 08:00:00
3150,18,1,30.72,23.34,Insumos Generales Toluca,2026-05-04 08:00:00
3151,1,2,22.49,239.37,Café Origen SA,2026-05-04 08:00:00
3152,2,2,252.68,26.54,Lácteos del Valle,2026-05-04 08:00:00
3153,3,2,65.58,46.27,Lácteos del Valle,2026-05-04 08:00:00
3154,4,2,3355.16,0.39,Distribuidora Sabores MX,2026-05-04 08:00:00
3155,5,2,3870.69,0.41,Distribuidora Sabores MX,2026-05-04 08:00:00
3156,6,2,15.9,205.38,Distribuidora Sabores MX,2026-05-04 08:00:00
3157,7,2,194.15,6.35,Insumos Generales Toluca,2026-05-04 08:00:00
3158,8,2,356.28,5.31,Panificadora San José,2026-05-04 08:00:00
3159,9,2,30.73,157.34,Carnes Selectas,2026-05-04 08:00:00
3160,10,2,22.83,171.35,Lácteos del Valle,2026-05-04 08:00:00
3161,11,2,256.98,13.01,Panificadora San José,2026-05-04 08:00:00
3162,12,2,11.95,141.0,Lácteos del Valle,2026-05-04 08:00:00
3163,13,2,576.4,2.28,Insumos Generales Toluca,2026-05-04 08:00:00
3164,14,2,44.71,62.39,Insumos Generales Toluca,2026-05-04 08:00:00
3165,15,2,2868.02,1.35,Empaques y Desechables MX,2026-05-04 08:00:00
3166,16,2,2417.53,1.66,Empaques y Desechables MX,2026-05-04 08:00:00
3167,17,2,2917.23,0.81,Empaques y Desechables MX,2026-05-04 08:00:00
3168,18,2,48.8,24.03,Insumos Generales Toluca,2026-05-04 08:00:00
3169,1,1,32.49,232.11,Café Origen SA,2026-05-11 08:00:00
3170,2,1,235.41,24.87,Lácteos del Valle,2026-05-11 08:00:00
3171,3,1,53.97,51.72,Lácteos del Valle,2026-05-11 08:00:00
3172,4,1,3669.72,0.37,Distribuidora Sabores MX,2026-05-11 08:00:00
3173,5,1,4796.84,0.36,Distribuidora Sabores MX,2026-05-11 08:00:00
3174,6,1,14.37,195.02,Distribuidora Sabores MX,2026-05-11 08:00:00
3175,7,1,164.55,6.72,Insumos Generales Toluca,2026-05-11 08:00:00
3176,8,1,402.69,4.82,Panificadora San José,2026-05-11 08:00:00
3177,9,1,23.0,154.51,Carnes Selectas,2026-05-11 08:00:00
3178,10,1,21.0,178.85,Lácteos del Valle,2026-05-11 08:00:00
3179,11,1,329.04,13.46,Panificadora San José,2026-05-11 08:00:00
3180,12,1,13.82,141.59,Lácteos del Valle,2026-05-11 08:00:00
3181,13,1,635.61,2.02,Insumos Generales Toluca,2026-05-11 08:00:00
3182,14,1,25.16,58.47,Insumos Generales Toluca,2026-05-11 08:00:00
3183,15,1,3243.23,1.33,Empaques y Desechables MX,2026-05-11 08:00:00
3184,16,1,3071.24,1.68,Empaques y Desechables MX,2026-05-11 08:00:00
3185,17,1,3147.68,0.86,Empaques y Desechables MX,2026-05-11 08:00:00
3186,18,1,42.55,23.07,Insumos Generales Toluca,2026-05-11 08:00:00
3187,1,2,20.37,238.99,Café Origen SA,2026-05-11 08:00:00
3188,2,2,272.8,25.24,Lácteos del Valle,2026-05-11 08:00:00
3189,3,2,59.46,48.31,Lácteos del Valle,2026-05-11 08:00:00
3190,4,2,4001.37,0.4,Distribuidora Sabores MX,2026-05-11 08:00:00
3191,5,2,3617.02,0.38,Distribuidora Sabores MX,2026-05-11 08:00:00
3192,6,2,13.73,196.93,Distribuidora Sabores MX,2026-05-11 08:00:00
3193,7,2,230.47,6.93,Insumos Generales Toluca,2026-05-11 08:00:00
3194,8,2,379.81,5.02,Panificadora San José,2026-05-11 08:00:00
3195,9,2,22.75,157.9,Carnes Selectas,2026-05-11 08:00:00
3196,10,2,17.3,170.17,Lácteos del Valle,2026-05-11 08:00:00
3197,11,2,277.35,13.79,Panificadora San José,2026-05-11 08:00:00
3198,12,2,16.6,147.78,Lácteos del Valle,2026-05-11 08:00:00
3199,13,2,608.52,1.96,Insumos Generales Toluca,2026-05-11 08:00:00
3200,14,2,30.63,59.5,Insumos Generales Toluca,2026-05-11 08:00:00
3201,15,2,3354.64,1.23,Empaques y Desechables MX,2026-05-11 08:00:00
3202,16,2,2683.7,1.63,Empaques y Desechables MX,2026-05-11 08:00:00
3203,17,2,3050.91,0.83,Empaques y Desechables MX,2026-05-11 08:00:00
3204,18,2,42.67,25.08,Insumos Generales Toluca,2026-05-11 08:00:00
3205,1,1,19.55,227.53,Café Origen SA,2026-05-18 08:00:00
3206,2,1,280.75,25.41,Lácteos del Valle,2026-05-18 08:00:00
3207,3,1,66.38,49.43,Lácteos del Valle,2026-05-18 08:00:00
3208,4,1,3978.27,0.36,Distribuidora Sabores MX,2026-05-18 08:00:00
3209,5,1,3530.39,0.38,Distribuidora Sabores MX,2026-05-18 08:00:00
3210,6,1,18.04,189.37,Distribuidora Sabores MX,2026-05-18 08:00:00
3211,7,1,167.99,6.4,Insumos Generales Toluca,2026-05-18 08:00:00
3212,8,1,408.11,5.15,Panificadora San José,2026-05-18 08:00:00
3213,9,1,19.14,157.67,Carnes Selectas,2026-05-18 08:00:00
3214,10,1,15.99,176.82,Lácteos del Valle,2026-05-18 08:00:00
3215,11,1,288.69,13.67,Panificadora San José,2026-05-18 08:00:00
3216,12,1,15.56,139.78,Lácteos del Valle,2026-05-18 08:00:00
3217,13,1,414.09,1.96,Insumos Generales Toluca,2026-05-18 08:00:00
3218,14,1,34.27,62.75,Insumos Generales Toluca,2026-05-18 08:00:00
3219,15,1,3623.82,1.36,Empaques y Desechables MX,2026-05-18 08:00:00
3220,16,1,2914.4,1.64,Empaques y Desechables MX,2026-05-18 08:00:00
3221,17,1,3568.67,0.89,Empaques y Desechables MX,2026-05-18 08:00:00
3222,18,1,36.66,25.18,Insumos Generales Toluca,2026-05-18 08:00:00
3223,1,2,19.75,223.88,Café Origen SA,2026-05-18 08:00:00
3224,2,2,265.39,26.99,Lácteos del Valle,2026-05-18 08:00:00
3225,3,2,73.71,50.11,Lácteos del Valle,2026-05-18 08:00:00
3226,4,2,3144.3,0.4,Distribuidora Sabores MX,2026-05-18 08:00:00
3227,5,2,4036.03,0.36,Distribuidora Sabores MX,2026-05-18 08:00:00
3228,6,2,14.38,213.51,Distribuidora Sabores MX,2026-05-18 08:00:00
3229,7,2,165.69,6.7,Insumos Generales Toluca,2026-05-18 08:00:00
3230,8,2,283.44,5.24,Panificadora San José,2026-05-18 08:00:00
3231,9,2,19.87,160.18,Carnes Selectas,2026-05-18 08:00:00
3232,10,2,16.98,163.59,Lácteos del Valle,2026-05-18 08:00:00
3233,11,2,326.49,13.25,Panificadora San José,2026-05-18 08:00:00
3234,12,2,16.68,151.57,Lácteos del Valle,2026-05-18 08:00:00
3235,13,2,539.84,1.88,Insumos Generales Toluca,2026-05-18 08:00:00
3236,14,2,35.92,60.44,Insumos Generales Toluca,2026-05-18 08:00:00
3237,15,2,3146.55,1.28,Empaques y Desechables MX,2026-05-18 08:00:00
3238,16,2,2915.39,1.63,Empaques y Desechables MX,2026-05-18 08:00:00
3239,17,2,1967.86,0.83,Empaques y Desechables MX,2026-05-18 08:00:00
3240,18,2,33.88,24.83,Insumos Generales Toluca,2026-05-18 08:00:00
3241,1,1,28.27,249.89,Café Origen SA,2026-05-25 08:00:00
3242,2,1,310.0,26.85,Lácteos del Valle,2026-05-25 08:00:00
3243,3,1,78.15,51.17,Lácteos del Valle,2026-05-25 08:00:00
3244,4,1,3496.97,0.37,Distribuidora Sabores MX,2026-05-25 08:00:00
3245,5,1,4475.18,0.37,Distribuidora Sabores MX,2026-05-25 08:00:00
3246,6,1,14.93,192.89,Distribuidora Sabores MX,2026-05-25 08:00:00
3247,7,1,195.94,6.59,Insumos Generales Toluca,2026-05-25 08:00:00
3248,8,1,456.56,5.19,Panificadora San José,2026-05-25 08:00:00
3249,9,1,20.18,163.15,Carnes Selectas,2026-05-25 08:00:00
3250,10,1,23.93,173.74,Lácteos del Valle,2026-05-25 08:00:00
3251,11,1,314.35,12.87,Panificadora San José,2026-05-25 08:00:00
3252,12,1,11.12,129.06,Lácteos del Valle,2026-05-25 08:00:00
3253,13,1,479.96,2.06,Insumos Generales Toluca,2026-05-25 08:00:00
3254,14,1,35.49,63.13,Insumos Generales Toluca,2026-05-25 08:00:00
3255,15,1,2933.33,1.34,Empaques y Desechables MX,2026-05-25 08:00:00
3256,16,1,2946.7,1.72,Empaques y Desechables MX,2026-05-25 08:00:00
3257,17,1,3281.25,0.86,Empaques y Desechables MX,2026-05-25 08:00:00
3258,18,1,46.35,24.79,Insumos Generales Toluca,2026-05-25 08:00:00
3259,1,2,29.64,244.0,Café Origen SA,2026-05-25 08:00:00
3260,2,2,315.36,27.12,Lácteos del Valle,2026-05-25 08:00:00
3261,3,2,66.39,51.13,Lácteos del Valle,2026-05-25 08:00:00
3262,4,2,3938.66,0.41,Distribuidora Sabores MX,2026-05-25 08:00:00
3263,5,2,3996.07,0.38,Distribuidora Sabores MX,2026-05-25 08:00:00
3264,6,2,12.96,189.7,Distribuidora Sabores MX,2026-05-25 08:00:00
3265,7,2,183.04,6.9,Insumos Generales Toluca,2026-05-25 08:00:00
3266,8,2,502.05,4.91,Panificadora San José,2026-05-25 08:00:00
3267,9,2,23.4,155.63,Carnes Selectas,2026-05-25 08:00:00
3268,10,2,19.6,177.51,Lácteos del Valle,2026-05-25 08:00:00
3269,11,2,288.17,13.3,Panificadora San José,2026-05-25 08:00:00
3270,12,2,15.03,143.69,Lácteos del Valle,2026-05-25 08:00:00
3271,13,2,409.22,2.04,Insumos Generales Toluca,2026-05-25 08:00:00
3272,14,2,31.92,55.76,Insumos Generales Toluca,2026-05-25 08:00:00
3273,15,2,3437.85,1.29,Empaques y Desechables MX,2026-05-25 08:00:00
3274,16,2,3582.08,1.72,Empaques y Desechables MX,2026-05-25 08:00:00
3275,17,2,3346.3,0.93,Empaques y Desechables MX,2026-05-25 08:00:00
3276,18,2,40.84,24.74,Insumos Generales Toluca,2026-05-25 08:00:00
3277,1,1,26.31,248.74,Café Origen SA,2026-06-01 08:00:00
3278,2,1,312.26,28.4,Lácteos del Valle,2026-06-01 08:00:00
3279,3,1,53.17,49.64,Lácteos del Valle,2026-06-01 08:00:00
3280,4,1,4633.72,0.4,Distribuidora Sabores MX,2026-06-01 08:00:00
3281,5,1,4278.56,0.37,Distribuidora Sabores MX,2026-06-01 08:00:00
3282,6,1,15.04,185.74,Distribuidora Sabores MX,2026-06-01 08:00:00
3283,7,1,223.19,6.8,Insumos Generales Toluca,2026-06-01 08:00:00
3284,8,1,377.34,5.07,Panificadora San José,2026-06-01 08:00:00
3285,9,1,21.35,154.27,Carnes Selectas,2026-06-01 08:00:00
3286,10,1,22.68,177.04,Lácteos del Valle,2026-06-01 08:00:00
3287,11,1,344.96,13.37,Panificadora San José,2026-06-01 08:00:00
3288,12,1,13.43,138.11,Lácteos del Valle,2026-06-01 08:00:00
3289,13,1,552.37,1.9,Insumos Generales Toluca,2026-06-01 08:00:00
3290,14,1,37.12,63.81,Insumos Generales Toluca,2026-06-01 08:00:00
3291,15,1,3647.76,1.38,Empaques y Desechables MX,2026-06-01 08:00:00
3292,16,1,2390.87,1.67,Empaques y Desechables MX,2026-06-01 08:00:00
3293,17,1,3314.32,0.95,Empaques y Desechables MX,2026-06-01 08:00:00
3294,18,1,42.3,23.98,Insumos Generales Toluca,2026-06-01 08:00:00
3295,1,2,26.46,223.89,Café Origen SA,2026-06-01 08:00:00
3296,2,2,330.83,25.62,Lácteos del Valle,2026-06-01 08:00:00
3297,3,2,59.92,45.9,Lácteos del Valle,2026-06-01 08:00:00
3298,4,2,3376.45,0.38,Distribuidora Sabores MX,2026-06-01 08:00:00
3299,5,2,4913.31,0.38,Distribuidora Sabores MX,2026-06-01 08:00:00
3300,6,2,16.16,205.52,Distribuidora Sabores MX,2026-06-01 08:00:00
3301,7,2,222.41,6.33,Insumos Generales Toluca,2026-06-01 08:00:00
3302,8,2,399.43,5.1,Panificadora San José,2026-06-01 08:00:00
3303,9,2,29.66,152.32,Carnes Selectas,2026-06-01 08:00:00
3304,10,2,23.6,176.09,Lácteos del Valle,2026-06-01 08:00:00
3305,11,2,352.3,13.59,Panificadora San José,2026-06-01 08:00:00
3306,12,2,19.26,141.37,Lácteos del Valle,2026-06-01 08:00:00
3307,13,2,555.42,2.0,Insumos Generales Toluca,2026-06-01 08:00:00
3308,14,2,47.76,60.28,Insumos Generales Toluca,2026-06-01 08:00:00
3309,15,2,2821.69,1.47,Empaques y Desechables MX,2026-06-01 08:00:00
3310,16,2,3095.51,1.74,Empaques y Desechables MX,2026-06-01 08:00:00
3311,17,2,2490.52,0.91,Empaques y Desechables MX,2026-06-01 08:00:00
3312,18,2,43.89,24.21,Insumos Generales Toluca,2026-06-01 08:00:00
3313,1,1,21.01,233.17,Café Origen SA,2026-06-08 08:00:00
3314,2,1,276.0,26.25,Lácteos del Valle,2026-06-08 08:00:00
3315,3,1,57.21,51.11,Lácteos del Valle,2026-06-08 08:00:00
3316,4,1,4407.62,0.41,Distribuidora Sabores MX,2026-06-08 08:00:00
3317,5,1,5153.59,0.41,Distribuidora Sabores MX,2026-06-08 08:00:00
3318,6,1,14.42,198.72,Distribuidora Sabores MX,2026-06-08 08:00:00
3319,7,1,245.34,6.65,Insumos Generales Toluca,2026-06-08 08:00:00
3320,8,1,391.17,5.52,Panificadora San José,2026-06-08 08:00:00
3321,9,1,22.26,155.94,Carnes Selectas,2026-06-08 08:00:00
3322,10,1,16.28,165.28,Lácteos del Valle,2026-06-08 08:00:00
3323,11,1,235.85,13.12,Panificadora San José,2026-06-08 08:00:00
3324,12,1,12.8,149.88,Lácteos del Valle,2026-06-08 08:00:00
3325,13,1,503.59,1.98,Insumos Generales Toluca,2026-06-08 08:00:00
3326,14,1,34.39,65.69,Insumos Generales Toluca,2026-06-08 08:00:00
3327,15,1,3559.59,1.33,Empaques y Desechables MX,2026-06-08 08:00:00
3328,16,1,3280.48,1.57,Empaques y Desechables MX,2026-06-08 08:00:00
3329,17,1,3108.4,0.9,Empaques y Desechables MX,2026-06-08 08:00:00
3330,18,1,31.72,24.05,Insumos Generales Toluca,2026-06-08 08:00:00
3331,1,2,25.26,242.93,Café Origen SA,2026-06-08 08:00:00
3332,2,2,225.91,29.21,Lácteos del Valle,2026-06-08 08:00:00
3333,3,2,67.59,47.95,Lácteos del Valle,2026-06-08 08:00:00
3334,4,2,3810.57,0.36,Distribuidora Sabores MX,2026-06-08 08:00:00
3335,5,2,4577.65,0.38,Distribuidora Sabores MX,2026-06-08 08:00:00
3336,6,2,16.71,199.9,Distribuidora Sabores MX,2026-06-08 08:00:00
3337,7,2,156.54,6.7,Insumos Generales Toluca,2026-06-08 08:00:00
3338,8,2,384.31,5.01,Panificadora San José,2026-06-08 08:00:00
3339,9,2,27.91,144.49,Carnes Selectas,2026-06-08 08:00:00
3340,10,2,17.06,164.88,Lácteos del Valle,2026-06-08 08:00:00
3341,11,2,301.89,12.9,Panificadora San José,2026-06-08 08:00:00
3342,12,2,18.41,144.34,Lácteos del Valle,2026-06-08 08:00:00
3343,13,2,476.04,2.11,Insumos Generales Toluca,2026-06-08 08:00:00
3344,14,2,37.05,62.55,Insumos Generales Toluca,2026-06-08 08:00:00
3345,15,2,2991.74,1.28,Empaques y Desechables MX,2026-06-08 08:00:00
3346,16,2,1893.69,1.67,Empaques y Desechables MX,2026-06-08 08:00:00
3347,17,2,3765.25,0.87,Empaques y Desechables MX,2026-06-08 08:00:00
3348,18,2,45.17,24.84,Insumos Generales Toluca,2026-06-08 08:00:00
3349,1,1,24.03,229.35,Café Origen SA,2026-06-15 08:00:00
3350,2,1,264.86,26.86,Lácteos del Valle,2026-06-15 08:00:00
3351,3,1,57.54,48.3,Lácteos del Valle,2026-06-15 08:00:00
3352,4,1,3645.25,0.41,Distribuidora Sabores MX,2026-06-15 08:00:00
3353,5,1,4721.03,0.39,Distribuidora Sabores MX,2026-06-15 08:00:00
3354,6,1,15.92,201.38,Distribuidora Sabores MX,2026-06-15 08:00:00
3355,7,1,230.77,7.04,Insumos Generales Toluca,2026-06-15 08:00:00
3356,8,1,383.38,5.01,Panificadora San José,2026-06-15 08:00:00
3357,9,1,25.93,148.9,Carnes Selectas,2026-06-15 08:00:00
3358,10,1,14.45,172.97,Lácteos del Valle,2026-06-15 08:00:00
3359,11,1,233.91,12.05,Panificadora San José,2026-06-15 08:00:00
3360,12,1,14.5,147.36,Lácteos del Valle,2026-06-15 08:00:00
3361,13,1,477.64,1.84,Insumos Generales Toluca,2026-06-15 08:00:00
3362,14,1,40.32,65.48,Insumos Generales Toluca,2026-06-15 08:00:00
3363,15,1,3303.88,1.37,Empaques y Desechables MX,2026-06-15 08:00:00
3364,16,1,3265.2,1.65,Empaques y Desechables MX,2026-06-15 08:00:00
3365,17,1,3107.73,0.96,Empaques y Desechables MX,2026-06-15 08:00:00
3366,18,1,48.16,24.85,Insumos Generales Toluca,2026-06-15 08:00:00
3367,1,2,26.59,230.55,Café Origen SA,2026-06-15 08:00:00
3368,2,2,212.83,24.71,Lácteos del Valle,2026-06-15 08:00:00
3369,3,2,65.57,54.02,Lácteos del Valle,2026-06-15 08:00:00
3370,4,2,3925.18,0.41,Distribuidora Sabores MX,2026-06-15 08:00:00
3371,5,2,3783.24,0.39,Distribuidora Sabores MX,2026-06-15 08:00:00
3372,6,2,14.67,204.47,Distribuidora Sabores MX,2026-06-15 08:00:00
3373,7,2,200.51,6.71,Insumos Generales Toluca,2026-06-15 08:00:00
3374,8,2,538.73,4.8,Panificadora San José,2026-06-15 08:00:00
3375,9,2,23.91,145.87,Carnes Selectas,2026-06-15 08:00:00
3376,10,2,19.01,183.4,Lácteos del Valle,2026-06-15 08:00:00
3377,11,2,302.7,13.03,Panificadora San José,2026-06-15 08:00:00
3378,12,2,15.38,132.3,Lácteos del Valle,2026-06-15 08:00:00
3379,13,2,492.8,2.03,Insumos Generales Toluca,2026-06-15 08:00:00
3380,14,2,41.33,63.54,Insumos Generales Toluca,2026-06-15 08:00:00
3381,15,2,2663.23,1.21,Empaques y Desechables MX,2026-06-15 08:00:00
3382,16,2,2570.95,1.6,Empaques y Desechables MX,2026-06-15 08:00:00
3383,17,2,2891.85,0.88,Empaques y Desechables MX,2026-06-15 08:00:00
3384,18,2,39.01,22.81,Insumos Generales Toluca,2026-06-15 08:00:00
3385,1,1,27.43,237.4,Café Origen SA,2026-06-22 08:00:00
3386,2,1,339.08,28.18,Lácteos del Valle,2026-06-22 08:00:00
3387,3,1,54.43,49.76,Lácteos del Valle,2026-06-22 08:00:00
3388,4,1,3987.19,0.39,Distribuidora Sabores MX,2026-06-22 08:00:00
3389,5,1,4875.21,0.38,Distribuidora Sabores MX,2026-06-22 08:00:00
3390,6,1,14.33,204.39,Distribuidora Sabores MX,2026-06-22 08:00:00
3391,7,1,204.15,6.99,Insumos Generales Toluca,2026-06-22 08:00:00
3392,8,1,435.12,4.82,Panificadora San José,2026-06-22 08:00:00
3393,9,1,25.01,154.55,Carnes Selectas,2026-06-22 08:00:00
3394,10,1,21.53,190.04,Lácteos del Valle,2026-06-22 08:00:00
3395,11,1,211.99,13.44,Panificadora San José,2026-06-22 08:00:00
3396,12,1,13.55,146.23,Lácteos del Valle,2026-06-22 08:00:00
3397,13,1,558.77,1.89,Insumos Generales Toluca,2026-06-22 08:00:00
3398,14,1,39.4,62.09,Insumos Generales Toluca,2026-06-22 08:00:00
3399,15,1,2821.47,1.39,Empaques y Desechables MX,2026-06-22 08:00:00
3400,16,1,2628.64,1.7,Empaques y Desechables MX,2026-06-22 08:00:00
3401,17,1,3297.04,0.81,Empaques y Desechables MX,2026-06-22 08:00:00
3402,18,1,36.72,25.39,Insumos Generales Toluca,2026-06-22 08:00:00
3403,1,2,30.94,245.3,Café Origen SA,2026-06-22 08:00:00
3404,2,2,380.5,26.39,Lácteos del Valle,2026-06-22 08:00:00
3405,3,2,54.25,51.2,Lácteos del Valle,2026-06-22 08:00:00
3406,4,2,3770.45,0.4,Distribuidora Sabores MX,2026-06-22 08:00:00
3407,5,2,3368.1,0.41,Distribuidora Sabores MX,2026-06-22 08:00:00
3408,6,2,15.19,200.95,Distribuidora Sabores MX,2026-06-22 08:00:00
3409,7,2,215.53,6.34,Insumos Generales Toluca,2026-06-22 08:00:00
3410,8,2,338.7,4.77,Panificadora San José,2026-06-22 08:00:00
3411,9,2,26.65,151.7,Carnes Selectas,2026-06-22 08:00:00
3412,10,2,23.51,171.29,Lácteos del Valle,2026-06-22 08:00:00
3413,11,2,306.06,13.55,Panificadora San José,2026-06-22 08:00:00
3414,12,2,14.27,142.41,Lácteos del Valle,2026-06-22 08:00:00
3415,13,2,432.76,2.02,Insumos Generales Toluca,2026-06-22 08:00:00
3416,14,2,46.0,58.59,Insumos Generales Toluca,2026-06-22 08:00:00
3417,15,2,3509.01,1.42,Empaques y Desechables MX,2026-06-22 08:00:00
3418,16,2,2564.4,1.61,Empaques y Desechables MX,2026-06-22 08:00:00
3419,17,2,2089.52,0.88,Empaques y Desechables MX,2026-06-22 08:00:00
3420,18,2,39.3,23.68,Insumos Generales Toluca,2026-06-22 08:00:00
3421,1,1,21.05,264.86,Café Origen SA,2026-06-29 08:00:00
3422,2,1,229.95,27.2,Lácteos del Valle,2026-06-29 08:00:00
3423,3,1,60.67,52.17,Lácteos del Valle,2026-06-29 08:00:00
3424,4,1,4121.85,0.38,Distribuidora Sabores MX,2026-06-29 08:00:00
3425,5,1,3432.69,0.4,Distribuidora Sabores MX,2026-06-29 08:00:00
3426,6,1,12.57,210.85,Distribuidora Sabores MX,2026-06-29 08:00:00
3427,7,1,215.65,6.88,Insumos Generales Toluca,2026-06-29 08:00:00
3428,8,1,398.3,5.29,Panificadora San José,2026-06-29 08:00:00
3429,9,1,25.9,149.62,Carnes Selectas,2026-06-29 08:00:00
3430,10,1,17.48,167.64,Lácteos del Valle,2026-06-29 08:00:00
3431,11,1,338.5,13.88,Panificadora San José,2026-06-29 08:00:00
3432,12,1,15.32,150.22,Lácteos del Valle,2026-06-29 08:00:00
3433,13,1,637.47,1.97,Insumos Generales Toluca,2026-06-29 08:00:00
3434,14,1,40.77,59.07,Insumos Generales Toluca,2026-06-29 08:00:00
3435,15,1,2419.4,1.41,Empaques y Desechables MX,2026-06-29 08:00:00
3436,16,1,3116.97,1.68,Empaques y Desechables MX,2026-06-29 08:00:00
3437,17,1,2995.43,0.88,Empaques y Desechables MX,2026-06-29 08:00:00
3438,18,1,46.95,24.51,Insumos Generales Toluca,2026-06-29 08:00:00
3439,1,2,24.53,244.89,Café Origen SA,2026-06-29 08:00:00
3440,2,2,332.23,26.99,Lácteos del Valle,2026-06-29 08:00:00
3441,3,2,70.24,52.03,Lácteos del Valle,2026-06-29 08:00:00
3442,4,2,3400.75,0.41,Distribuidora Sabores MX,2026-06-29 08:00:00
3443,5,2,2854.44,0.41,Distribuidora Sabores MX,2026-06-29 08:00:00
3444,6,2,15.81,199.57,Distribuidora Sabores MX,2026-06-29 08:00:00
3445,7,2,208.94,6.33,Insumos Generales Toluca,2026-06-29 08:00:00
3446,8,2,356.59,4.68,Panificadora San José,2026-06-29 08:00:00
3447,9,2,27.3,151.56,Carnes Selectas,2026-06-29 08:00:00
3448,10,2,20.95,189.48,Lácteos del Valle,2026-06-29 08:00:00
3449,11,2,276.74,13.15,Panificadora San José,2026-06-29 08:00:00
3450,12,2,17.43,139.27,Lácteos del Valle,2026-06-29 08:00:00
3451,13,2,441.3,1.99,Insumos Generales Toluca,2026-06-29 08:00:00
3452,14,2,39.99,60.1,Insumos Generales Toluca,2026-06-29 08:00:00
3453,15,2,2496.83,1.36,Empaques y Desechables MX,2026-06-29 08:00:00
3454,16,2,3218.7,1.62,Empaques y Desechables MX,2026-06-29 08:00:00
3455,17,2,2982.87,0.92,Empaques y Desechables MX,2026-06-29 08:00:00
3456,18,2,44.06,24.14,Insumos Generales Toluca,2026-06-29 08:00:00
3457,1,1,28.43,268.03,Café Origen SA,2026-07-06 08:00:00
3458,2,1,287.16,26.49,Lácteos del Valle,2026-07-06 08:00:00
3459,3,1,69.24,47.44,Lácteos del Valle,2026-07-06 08:00:00
3460,4,1,4784.51,0.4,Distribuidora Sabores MX,2026-07-06 08:00:00
3461,5,1,3546.39,0.41,Distribuidora Sabores MX,2026-07-06 08:00:00
3462,6,1,18.49,192.58,Distribuidora Sabores MX,2026-07-06 08:00:00
3463,7,1,184.02,6.78,Insumos Generales Toluca,2026-07-06 08:00:00
3464,8,1,394.83,5.08,Panificadora San José,2026-07-06 08:00:00
3465,9,1,22.17,156.74,Carnes Selectas,2026-07-06 08:00:00
3466,10,1,21.86,185.52,Lácteos del Valle,2026-07-06 08:00:00
3467,11,1,208.63,12.9,Panificadora San José,2026-07-06 08:00:00
3468,12,1,16.18,137.79,Lácteos del Valle,2026-07-06 08:00:00
3469,13,1,440.2,2.0,Insumos Generales Toluca,2026-07-06 08:00:00
3470,14,1,38.01,63.46,Insumos Generales Toluca,2026-07-06 08:00:00
3471,15,1,3747.69,1.37,Empaques y Desechables MX,2026-07-06 08:00:00
3472,16,1,3108.05,1.72,Empaques y Desechables MX,2026-07-06 08:00:00
3473,17,1,2998.69,0.91,Empaques y Desechables MX,2026-07-06 08:00:00
3474,18,1,40.02,24.28,Insumos Generales Toluca,2026-07-06 08:00:00
3475,1,2,20.75,248.28,Café Origen SA,2026-07-06 08:00:00
3476,2,2,271.66,26.12,Lácteos del Valle,2026-07-06 08:00:00
3477,3,2,82.77,50.18,Lácteos del Valle,2026-07-06 08:00:00
3478,4,2,4176.76,0.41,Distribuidora Sabores MX,2026-07-06 08:00:00
3479,5,2,3631.76,0.37,Distribuidora Sabores MX,2026-07-06 08:00:00
3480,6,2,11.19,191.51,Distribuidora Sabores MX,2026-07-06 08:00:00
3481,7,2,239.68,6.38,Insumos Generales Toluca,2026-07-06 08:00:00
3482,8,2,336.92,4.69,Panificadora San José,2026-07-06 08:00:00
3483,9,2,23.14,148.84,Carnes Selectas,2026-07-06 08:00:00
3484,10,2,17.22,181.24,Lácteos del Valle,2026-07-06 08:00:00
3485,11,2,336.5,11.79,Panificadora San José,2026-07-06 08:00:00
3486,12,2,16.64,140.13,Lácteos del Valle,2026-07-06 08:00:00
3487,13,2,476.46,1.94,Insumos Generales Toluca,2026-07-06 08:00:00
3488,14,2,42.12,59.95,Insumos Generales Toluca,2026-07-06 08:00:00
3489,15,2,3082.9,1.3,Empaques y Desechables MX,2026-07-06 08:00:00
3490,16,2,2510.9,1.76,Empaques y Desechables MX,2026-07-06 08:00:00
3491,17,2,3011.02,0.92,Empaques y Desechables MX,2026-07-06 08:00:00
3492,18,2,31.07,25.34,Insumos Generales Toluca,2026-07-06 08:00:00
3493,1,1,28.39,252.75,Café Origen SA,2026-07-13 08:00:00
3494,2,1,266.11,26.85,Lácteos del Valle,2026-07-13 08:00:00
3495,3,1,63.02,51.79,Lácteos del Valle,2026-07-13 08:00:00
3496,4,1,3441.27,0.41,Distribuidora Sabores MX,2026-07-13 08:00:00
3497,5,1,4501.0,0.38,Distribuidora Sabores MX,2026-07-13 08:00:00
3498,6,1,13.94,196.81,Distribuidora Sabores MX,2026-07-13 08:00:00
3499,7,1,194.51,6.67,Insumos Generales Toluca,2026-07-13 08:00:00
3500,8,1,412.07,4.76,Panificadora San José,2026-07-13 08:00:00
3501,9,1,20.1,146.07,Carnes Selectas,2026-07-13 08:00:00
3502,10,1,15.69,174.55,Lácteos del Valle,2026-07-13 08:00:00
3503,11,1,264.87,12.08,Panificadora San José,2026-07-13 08:00:00
3504,12,1,13.67,150.91,Lácteos del Valle,2026-07-13 08:00:00
3505,13,1,500.45,1.96,Insumos Generales Toluca,2026-07-13 08:00:00
3506,14,1,39.87,55.87,Insumos Generales Toluca,2026-07-13 08:00:00
3507,15,1,3080.48,1.38,Empaques y Desechables MX,2026-07-13 08:00:00
3508,16,1,2169.2,1.66,Empaques y Desechables MX,2026-07-13 08:00:00
3509,17,1,3011.41,0.88,Empaques y Desechables MX,2026-07-13 08:00:00
3510,18,1,33.83,23.83,Insumos Generales Toluca,2026-07-13 08:00:00
3511,1,2,22.57,256.89,Café Origen SA,2026-07-13 08:00:00
3512,2,2,250.56,27.33,Lácteos del Valle,2026-07-13 08:00:00
3513,3,2,67.34,46.01,Lácteos del Valle,2026-07-13 08:00:00
3514,4,2,3643.24,0.39,Distribuidora Sabores MX,2026-07-13 08:00:00
3515,5,2,3059.06,0.38,Distribuidora Sabores MX,2026-07-13 08:00:00
3516,6,2,12.42,207.01,Distribuidora Sabores MX,2026-07-13 08:00:00
3517,7,2,184.96,6.59,Insumos Generales Toluca,2026-07-13 08:00:00
3518,8,2,439.03,5.05,Panificadora San José,2026-07-13 08:00:00
3519,9,2,23.75,146.53,Carnes Selectas,2026-07-13 08:00:00
3520,10,2,14.34,186.41,Lácteos del Valle,2026-07-13 08:00:00
3521,11,2,273.55,12.84,Panificadora San José,2026-07-13 08:00:00
3522,12,2,11.91,149.55,Lácteos del Valle,2026-07-13 08:00:00
3523,13,2,507.54,2.02,Insumos Generales Toluca,2026-07-13 08:00:00
3524,14,2,36.05,58.94,Insumos Generales Toluca,2026-07-13 08:00:00
3525,15,2,3136.8,1.36,Empaques y Desechables MX,2026-07-13 08:00:00
3526,16,2,3440.23,1.62,Empaques y Desechables MX,2026-07-13 08:00:00
3527,17,2,2433.54,0.88,Empaques y Desechables MX,2026-07-13 08:00:00
3528,18,2,46.46,22.48,Insumos Generales Toluca,2026-07-13 08:00:00
3529,1,1,24.43,248.15,Café Origen SA,2026-07-20 08:00:00
3530,2,1,330.58,25.17,Lácteos del Valle,2026-07-20 08:00:00
3531,3,1,62.09,47.21,Lácteos del Valle,2026-07-20 08:00:00
3532,4,1,2965.08,0.4,Distribuidora Sabores MX,2026-07-20 08:00:00
3533,5,1,3392.27,0.39,Distribuidora Sabores MX,2026-07-20 08:00:00
3534,6,1,17.24,202.32,Distribuidora Sabores MX,2026-07-20 08:00:00
3535,7,1,187.61,6.65,Insumos Generales Toluca,2026-07-20 08:00:00
3536,8,1,359.59,5.13,Panificadora San José,2026-07-20 08:00:00
3537,9,1,23.56,146.21,Carnes Selectas,2026-07-20 08:00:00
3538,10,1,18.27,190.13,Lácteos del Valle,2026-07-20 08:00:00
3539,11,1,269.44,13.92,Panificadora San José,2026-07-20 08:00:00
3540,12,1,16.11,153.64,Lácteos del Valle,2026-07-20 08:00:00
3541,13,1,468.69,1.92,Insumos Generales Toluca,2026-07-20 08:00:00
3542,14,1,37.68,61.38,Insumos Generales Toluca,2026-07-20 08:00:00
3543,15,1,2490.78,1.24,Empaques y Desechables MX,2026-07-20 08:00:00
3544,16,1,3040.16,1.7,Empaques y Desechables MX,2026-07-20 08:00:00
3545,17,1,2808.08,0.87,Empaques y Desechables MX,2026-07-20 08:00:00
3546,18,1,41.72,24.47,Insumos Generales Toluca,2026-07-20 08:00:00
3547,1,2,21.78,243.32,Café Origen SA,2026-07-20 08:00:00
3548,2,2,378.87,28.25,Lácteos del Valle,2026-07-20 08:00:00
3549,3,2,67.91,48.96,Lácteos del Valle,2026-07-20 08:00:00
3550,4,2,4161.34,0.41,Distribuidora Sabores MX,2026-07-20 08:00:00
3551,5,2,3832.02,0.39,Distribuidora Sabores MX,2026-07-20 08:00:00
3552,6,2,16.75,194.0,Distribuidora Sabores MX,2026-07-20 08:00:00
3553,7,2,271.13,7.18,Insumos Generales Toluca,2026-07-20 08:00:00
3554,8,2,296.03,4.93,Panificadora San José,2026-07-20 08:00:00
3555,9,2,26.9,151.11,Carnes Selectas,2026-07-20 08:00:00
3556,10,2,19.28,185.81,Lácteos del Valle,2026-07-20 08:00:00
3557,11,2,302.88,13.61,Panificadora San José,2026-07-20 08:00:00
3558,12,2,10.26,150.66,Lácteos del Valle,2026-07-20 08:00:00
3559,13,2,579.26,2.06,Insumos Generales Toluca,2026-07-20 08:00:00
3560,14,2,45.57,59.69,Insumos Generales Toluca,2026-07-20 08:00:00
3561,15,2,3256.43,1.3,Empaques y Desechables MX,2026-07-20 08:00:00
3562,16,2,3143.62,1.82,Empaques y Desechables MX,2026-07-20 08:00:00
3563,17,2,2765.2,0.89,Empaques y Desechables MX,2026-07-20 08:00:00
3564,18,2,33.22,25.66,Insumos Generales Toluca,2026-07-20 08:00:00
3565,1,1,18.59,243.3,Café Origen SA,2026-07-27 08:00:00
3566,2,1,293.73,26.16,Lácteos del Valle,2026-07-27 08:00:00
3567,3,1,61.64,50.27,Lácteos del Valle,2026-07-27 08:00:00
3568,4,1,2845.54,0.4,Distribuidora Sabores MX,2026-07-27 08:00:00
3569,5,1,4247.09,0.41,Distribuidora Sabores MX,2026-07-27 08:00:00
3570,6,1,15.43,194.15,Distribuidora Sabores MX,2026-07-27 08:00:00
3571,7,1,219.68,6.81,Insumos Generales Toluca,2026-07-27 08:00:00
3572,8,1,347.02,5.19,Panificadora San José,2026-07-27 08:00:00
3573,9,1,23.72,159.97,Carnes Selectas,2026-07-27 08:00:00
3574,10,1,20.4,172.32,Lácteos del Valle,2026-07-27 08:00:00
3575,11,1,234.2,13.4,Panificadora San José,2026-07-27 08:00:00
3576,12,1,15.59,146.74,Lácteos del Valle,2026-07-27 08:00:00
3577,13,1,501.25,1.98,Insumos Generales Toluca,2026-07-27 08:00:00
3578,14,1,33.92,58.7,Insumos Generales Toluca,2026-07-27 08:00:00
3579,15,1,2919.02,1.34,Empaques y Desechables MX,2026-07-27 08:00:00
3580,16,1,2594.74,1.64,Empaques y Desechables MX,2026-07-27 08:00:00
3581,17,1,2606.12,0.94,Empaques y Desechables MX,2026-07-27 08:00:00
3582,18,1,34.2,24.66,Insumos Generales Toluca,2026-07-27 08:00:00
3583,1,2,26.1,251.76,Café Origen SA,2026-07-27 08:00:00
3584,2,2,292.35,27.22,Lácteos del Valle,2026-07-27 08:00:00
3585,3,2,67.69,51.35,Lácteos del Valle,2026-07-27 08:00:00
3586,4,2,3845.75,0.37,Distribuidora Sabores MX,2026-07-27 08:00:00
3587,5,2,4628.28,0.4,Distribuidora Sabores MX,2026-07-27 08:00:00
3588,6,2,16.87,195.51,Distribuidora Sabores MX,2026-07-27 08:00:00
3589,7,2,204.87,6.74,Insumos Generales Toluca,2026-07-27 08:00:00
3590,8,2,498.22,5.13,Panificadora San José,2026-07-27 08:00:00
3591,9,2,24.69,151.16,Carnes Selectas,2026-07-27 08:00:00
3592,10,2,22.08,179.09,Lácteos del Valle,2026-07-27 08:00:00
3593,11,2,327.83,14.21,Panificadora San José,2026-07-27 08:00:00
3594,12,2,16.17,149.26,Lácteos del Valle,2026-07-27 08:00:00
3595,13,2,535.3,2.06,Insumos Generales Toluca,2026-07-27 08:00:00
3596,14,2,36.76,62.56,Insumos Generales Toluca,2026-07-27 08:00:00
3597,15,2,2571.49,1.41,Empaques y Desechables MX,2026-07-27 08:00:00
3598,16,2,3294.27,1.55,Empaques y Desechables MX,2026-07-27 08:00:00
3599,17,2,2495.18,0.91,Empaques y Desechables MX,2026-07-27 08:00:00
3600,18,2,36.94,24.25,Insumos Generales Toluca,2026-07-27 08:00:00
3601,1,1,25.86,218.6,Café Origen SA,2026-08-03 08:00:00
3602,2,1,275.64,25.72,Lácteos del Valle,2026-08-03 08:00:00
3603,3,1,66.78,48.28,Lácteos del Valle,2026-08-03 08:00:00
3604,4,1,4759.27,0.39,Distribuidora Sabores MX,2026-08-03 08:00:00
3605,5,1,4356.14,0.39,Distribuidora Sabores MX,2026-08-03 08:00:00
3606,6,1,17.04,199.75,Distribuidora Sabores MX,2026-08-03 08:00:00
3607,7,1,180.7,7.13,Insumos Generales Toluca,2026-08-03 08:00:00
3608,8,1,393.37,4.95,Panificadora San José,2026-08-03 08:00:00
3609,9,1,21.64,154.5,Carnes Selectas,2026-08-03 08:00:00
3610,10,1,14.45,179.18,Lácteos del Valle,2026-08-03 08:00:00
3611,11,1,327.58,13.07,Panificadora San José,2026-08-03 08:00:00
3612,12,1,18.47,145.2,Lácteos del Valle,2026-08-03 08:00:00
3613,13,1,498.88,1.96,Insumos Generales Toluca,2026-08-03 08:00:00
3614,14,1,48.79,64.28,Insumos Generales Toluca,2026-08-03 08:00:00
3615,15,1,2696.77,1.29,Empaques y Desechables MX,2026-08-03 08:00:00
3616,16,1,3028.48,1.72,Empaques y Desechables MX,2026-08-03 08:00:00
3617,17,1,2948.7,0.98,Empaques y Desechables MX,2026-08-03 08:00:00
3618,18,1,29.95,26.84,Insumos Generales Toluca,2026-08-03 08:00:00
3619,1,2,25.04,244.81,Café Origen SA,2026-08-03 08:00:00
3620,2,2,291.88,25.66,Lácteos del Valle,2026-08-03 08:00:00
3621,3,2,56.06,48.05,Lácteos del Valle,2026-08-03 08:00:00
3622,4,2,3523.13,0.39,Distribuidora Sabores MX,2026-08-03 08:00:00
3623,5,2,4723.43,0.37,Distribuidora Sabores MX,2026-08-03 08:00:00
3624,6,2,13.67,195.31,Distribuidora Sabores MX,2026-08-03 08:00:00
3625,7,2,133.17,6.96,Insumos Generales Toluca,2026-08-03 08:00:00
3626,8,2,322.58,5.22,Panificadora San José,2026-08-03 08:00:00
3627,9,2,25.67,151.63,Carnes Selectas,2026-08-03 08:00:00
3628,10,2,19.43,179.7,Lácteos del Valle,2026-08-03 08:00:00
3629,11,2,324.51,14.0,Panificadora San José,2026-08-03 08:00:00
3630,12,2,19.29,151.41,Lácteos del Valle,2026-08-03 08:00:00
3631,13,2,396.11,2.05,Insumos Generales Toluca,2026-08-03 08:00:00
3632,14,2,42.8,65.44,Insumos Generales Toluca,2026-08-03 08:00:00
3633,15,2,3652.39,1.25,Empaques y Desechables MX,2026-08-03 08:00:00
3634,16,2,2768.19,1.57,Empaques y Desechables MX,2026-08-03 08:00:00
3635,17,2,2565.58,0.87,Empaques y Desechables MX,2026-08-03 08:00:00
3636,18,2,36.87,24.82,Insumos Generales Toluca,2026-08-03 08:00:00
3637,1,1,22.64,220.35,Café Origen SA,2026-08-10 08:00:00
3638,2,1,333.85,26.57,Lácteos del Valle,2026-08-10 08:00:00
3639,3,1,61.21,48.11,Lácteos del Valle,2026-08-10 08:00:00
3640,4,1,3281.81,0.38,Distribuidora Sabores MX,2026-08-10 08:00:00
3641,5,1,3579.27,0.38,Distribuidora Sabores MX,2026-08-10 08:00:00
3642,6,1,14.99,205.38,Distribuidora Sabores MX,2026-08-10 08:00:00
3643,7,1,173.1,6.86,Insumos Generales Toluca,2026-08-10 08:00:00
3644,8,1,404.96,5.4,Panificadora San José,2026-08-10 08:00:00
3645,9,1,31.59,153.02,Carnes Selectas,2026-08-10 08:00:00
3646,10,1,20.96,183.07,Lácteos del Valle,2026-08-10 08:00:00
3647,11,1,214.45,12.79,Panificadora San José,2026-08-10 08:00:00
3648,12,1,15.03,137.37,Lácteos del Valle,2026-08-10 08:00:00
3649,13,1,624.54,2.1,Insumos Generales Toluca,2026-08-10 08:00:00
3650,14,1,44.83,66.42,Insumos Generales Toluca,2026-08-10 08:00:00
3651,15,1,3210.6,1.33,Empaques y Desechables MX,2026-08-10 08:00:00
3652,16,1,2575.45,1.6,Empaques y Desechables MX,2026-08-10 08:00:00
3653,17,1,2875.62,0.83,Empaques y Desechables MX,2026-08-10 08:00:00
3654,18,1,37.99,25.08,Insumos Generales Toluca,2026-08-10 08:00:00
3655,1,2,24.85,243.61,Café Origen SA,2026-08-10 08:00:00
3656,2,2,318.58,26.54,Lácteos del Valle,2026-08-10 08:00:00
3657,3,2,54.43,46.19,Lácteos del Valle,2026-08-10 08:00:00
3658,4,2,3979.72,0.39,Distribuidora Sabores MX,2026-08-10 08:00:00
3659,5,2,3696.64,0.39,Distribuidora Sabores MX,2026-08-10 08:00:00
3660,6,2,14.07,208.32,Distribuidora Sabores MX,2026-08-10 08:00:00
3661,7,2,183.84,6.82,Insumos Generales Toluca,2026-08-10 08:00:00
3662,8,2,393.23,5.27,Panificadora San José,2026-08-10 08:00:00
3663,9,2,19.8,154.8,Carnes Selectas,2026-08-10 08:00:00
3664,10,2,22.03,177.63,Lácteos del Valle,2026-08-10 08:00:00
3665,11,2,276.93,13.11,Panificadora San José,2026-08-10 08:00:00
3666,12,2,15.37,129.53,Lácteos del Valle,2026-08-10 08:00:00
3667,13,2,496.21,2.12,Insumos Generales Toluca,2026-08-10 08:00:00
3668,14,2,34.72,63.87,Insumos Generales Toluca,2026-08-10 08:00:00
3669,15,2,2279.83,1.38,Empaques y Desechables MX,2026-08-10 08:00:00
3670,16,2,2788.38,1.68,Empaques y Desechables MX,2026-08-10 08:00:00
3671,17,2,2639.2,0.92,Empaques y Desechables MX,2026-08-10 08:00:00
3672,18,2,40.59,24.49,Insumos Generales Toluca,2026-08-10 08:00:00
3673,1,1,25.62,258.32,Café Origen SA,2026-08-17 08:00:00
3674,2,1,255.51,28.36,Lácteos del Valle,2026-08-17 08:00:00
3675,3,1,69.4,48.77,Lácteos del Valle,2026-08-17 08:00:00
3676,4,1,4555.71,0.38,Distribuidora Sabores MX,2026-08-17 08:00:00
3677,5,1,5343.13,0.36,Distribuidora Sabores MX,2026-08-17 08:00:00
3678,6,1,16.66,203.06,Distribuidora Sabores MX,2026-08-17 08:00:00
3679,7,1,179.91,7.26,Insumos Generales Toluca,2026-08-17 08:00:00
3680,8,1,410.71,4.87,Panificadora San José,2026-08-17 08:00:00
3681,9,1,26.76,166.96,Carnes Selectas,2026-08-17 08:00:00
3682,10,1,20.59,183.65,Lácteos del Valle,2026-08-17 08:00:00
3683,11,1,329.28,13.35,Panificadora San José,2026-08-17 08:00:00
3684,12,1,18.2,148.48,Lácteos del Valle,2026-08-17 08:00:00
3685,13,1,531.1,1.91,Insumos Generales Toluca,2026-08-17 08:00:00
3686,14,1,42.85,62.61,Insumos Generales Toluca,2026-08-17 08:00:00
3687,15,1,3879.63,1.37,Empaques y Desechables MX,2026-08-17 08:00:00
3688,16,1,1814.79,1.62,Empaques y Desechables MX,2026-08-17 08:00:00
3689,17,1,3422.3,0.91,Empaques y Desechables MX,2026-08-17 08:00:00
3690,18,1,39.07,24.46,Insumos Generales Toluca,2026-08-17 08:00:00
3691,1,2,28.55,247.86,Café Origen SA,2026-08-17 08:00:00
3692,2,2,318.35,27.63,Lácteos del Valle,2026-08-17 08:00:00
3693,3,2,58.36,50.69,Lácteos del Valle,2026-08-17 08:00:00
3694,4,2,4032.84,0.4,Distribuidora Sabores MX,2026-08-17 08:00:00
3695,5,2,4651.67,0.39,Distribuidora Sabores MX,2026-08-17 08:00:00
3696,6,2,17.69,204.81,Distribuidora Sabores MX,2026-08-17 08:00:00
3697,7,2,190.08,6.51,Insumos Generales Toluca,2026-08-17 08:00:00
3698,8,2,415.08,5.31,Panificadora San José,2026-08-17 08:00:00
3699,9,2,24.51,145.19,Carnes Selectas,2026-08-17 08:00:00
3700,10,2,21.89,171.78,Lácteos del Valle,2026-08-17 08:00:00
3701,11,2,300.35,13.36,Panificadora San José,2026-08-17 08:00:00
3702,12,2,13.33,151.59,Lácteos del Valle,2026-08-17 08:00:00
3703,13,2,610.51,2.11,Insumos Generales Toluca,2026-08-17 08:00:00
3704,14,2,30.39,58.99,Insumos Generales Toluca,2026-08-17 08:00:00
3705,15,2,2634.92,1.28,Empaques y Desechables MX,2026-08-17 08:00:00
3706,16,2,2461.97,1.84,Empaques y Desechables MX,2026-08-17 08:00:00
3707,17,2,2840.35,0.86,Empaques y Desechables MX,2026-08-17 08:00:00
3708,18,2,38.91,26.53,Insumos Generales Toluca,2026-08-17 08:00:00
3709,1,1,26.01,243.01,Café Origen SA,2026-08-24 08:00:00
3710,2,1,360.9,26.42,Lácteos del Valle,2026-08-24 08:00:00
3711,3,1,69.01,53.2,Lácteos del Valle,2026-08-24 08:00:00
3712,4,1,3964.96,0.41,Distribuidora Sabores MX,2026-08-24 08:00:00
3713,5,1,4611.97,0.39,Distribuidora Sabores MX,2026-08-24 08:00:00
3714,6,1,12.43,205.79,Distribuidora Sabores MX,2026-08-24 08:00:00
3715,7,1,213.09,6.88,Insumos Generales Toluca,2026-08-24 08:00:00
3716,8,1,387.73,5.12,Panificadora San José,2026-08-24 08:00:00
3717,9,1,34.88,149.54,Carnes Selectas,2026-08-24 08:00:00
3718,10,1,22.86,182.33,Lácteos del Valle,2026-08-24 08:00:00
3719,11,1,296.82,13.22,Panificadora San José,2026-08-24 08:00:00
3720,12,1,17.24,143.64,Lácteos del Valle,2026-08-24 08:00:00
3721,13,1,538.2,2.1,Insumos Generales Toluca,2026-08-24 08:00:00
3722,14,1,41.23,61.49,Insumos Generales Toluca,2026-08-24 08:00:00
3723,15,1,3046.72,1.31,Empaques y Desechables MX,2026-08-24 08:00:00
3724,16,1,2907.58,1.76,Empaques y Desechables MX,2026-08-24 08:00:00
3725,17,1,2252.98,0.9,Empaques y Desechables MX,2026-08-24 08:00:00
3726,18,1,39.08,24.41,Insumos Generales Toluca,2026-08-24 08:00:00
3727,1,2,26.15,240.25,Café Origen SA,2026-08-24 08:00:00
3728,2,2,317.17,25.94,Lácteos del Valle,2026-08-24 08:00:00
3729,3,2,44.14,53.04,Lácteos del Valle,2026-08-24 08:00:00
3730,4,2,3222.88,0.4,Distribuidora Sabores MX,2026-08-24 08:00:00
3731,5,2,3840.92,0.41,Distribuidora Sabores MX,2026-08-24 08:00:00
3732,6,2,17.54,196.09,Distribuidora Sabores MX,2026-08-24 08:00:00
3733,7,2,191.65,6.86,Insumos Generales Toluca,2026-08-24 08:00:00
3734,8,2,346.76,5.19,Panificadora San José,2026-08-24 08:00:00
3735,9,2,23.65,152.14,Carnes Selectas,2026-08-24 08:00:00
3736,10,2,21.46,169.58,Lácteos del Valle,2026-08-24 08:00:00
3737,11,2,345.22,13.49,Panificadora San José,2026-08-24 08:00:00
3738,12,2,13.16,147.69,Lácteos del Valle,2026-08-24 08:00:00
3739,13,2,582.33,2.02,Insumos Generales Toluca,2026-08-24 08:00:00
3740,14,2,41.22,61.72,Insumos Generales Toluca,2026-08-24 08:00:00
3741,15,2,3279.38,1.33,Empaques y Desechables MX,2026-08-24 08:00:00
3742,16,2,3157.22,1.6,Empaques y Desechables MX,2026-08-24 08:00:00
3743,17,2,2853.84,0.96,Empaques y Desechables MX,2026-08-24 08:00:00
3744,18,2,50.6,26.96,Insumos Generales Toluca,2026-08-24 08:00:00
3745,1,1,22.98,249.46,Café Origen SA,2026-08-31 08:00:00
3746,2,1,245.95,26.79,Lácteos del Valle,2026-08-31 08:00:00
3747,3,1,65.08,44.63,Lácteos del Valle,2026-08-31 08:00:00
3748,4,1,4624.68,0.37,Distribuidora Sabores MX,2026-08-31 08:00:00
3749,5,1,4441.05,0.41,Distribuidora Sabores MX,2026-08-31 08:00:00
3750,6,1,16.97,195.91,Distribuidora Sabores MX,2026-08-31 08:00:00
3751,7,1,211.28,6.37,Insumos Generales Toluca,2026-08-31 08:00:00
3752,8,1,349.48,4.82,Panificadora San José,2026-08-31 08:00:00
3753,9,1,28.02,164.26,Carnes Selectas,2026-08-31 08:00:00
3754,10,1,16.24,178.27,Lácteos del Valle,2026-08-31 08:00:00
3755,11,1,320.32,13.95,Panificadora San José,2026-08-31 08:00:00
3756,12,1,14.9,155.17,Lácteos del Valle,2026-08-31 08:00:00
3757,13,1,542.06,2.11,Insumos Generales Toluca,2026-08-31 08:00:00
3758,14,1,36.11,60.32,Insumos Generales Toluca,2026-08-31 08:00:00
3759,15,1,2905.34,1.32,Empaques y Desechables MX,2026-08-31 08:00:00
3760,16,1,2902.25,1.66,Empaques y Desechables MX,2026-08-31 08:00:00
3761,17,1,2851.04,0.94,Empaques y Desechables MX,2026-08-31 08:00:00
3762,18,1,44.45,25.47,Insumos Generales Toluca,2026-08-31 08:00:00
3763,1,2,21.8,265.47,Café Origen SA,2026-08-31 08:00:00
3764,2,2,304.4,28.06,Lácteos del Valle,2026-08-31 08:00:00
3765,3,2,71.74,54.07,Lácteos del Valle,2026-08-31 08:00:00
3766,4,2,3586.96,0.38,Distribuidora Sabores MX,2026-08-31 08:00:00
3767,5,2,4662.25,0.4,Distribuidora Sabores MX,2026-08-31 08:00:00
3768,6,2,14.82,194.18,Distribuidora Sabores MX,2026-08-31 08:00:00
3769,7,2,148.14,6.9,Insumos Generales Toluca,2026-08-31 08:00:00
3770,8,2,415.31,5.19,Panificadora San José,2026-08-31 08:00:00
3771,9,2,24.69,163.31,Carnes Selectas,2026-08-31 08:00:00
3772,10,2,18.79,186.43,Lácteos del Valle,2026-08-31 08:00:00
3773,11,2,324.69,14.5,Panificadora San José,2026-08-31 08:00:00
3774,12,2,11.38,151.32,Lácteos del Valle,2026-08-31 08:00:00
3775,13,2,462.82,2.01,Insumos Generales Toluca,2026-08-31 08:00:00
3776,14,2,47.19,66.19,Insumos Generales Toluca,2026-08-31 08:00:00
3777,15,2,3975.95,1.35,Empaques y Desechables MX,2026-08-31 08:00:00
3778,16,2,3183.17,1.74,Empaques y Desechables MX,2026-08-31 08:00:00
3779,17,2,3660.42,0.89,Empaques y Desechables MX,2026-08-31 08:00:00
3780,18,2,35.9,25.24,Insumos Generales Toluca,2026-08-31 08:00:00
